App,,,,,Installs,Price,Revenue,Category,,Rating,Review count,,Sentiment,,Size,Last Updated
Photo Editor & Candy Camera & Grid & ScrapBook,,,,,10000,10,0,ART_AND_DESIGN,,4.1,159,,Positive,,14M,2024-10-22 23:33:00
Coloring book moana,,,,,500000,11,1,ART_AND_DESIGN,,3.9,967,,Positive,,8.7M,2024-10-22 20:59:00
"U Launcher Lite ‚Äì FREE Live Cool Themes, Hide Apps",,,,,5000000,12,2,ART_AND_DESIGN,,4.7,87510,,nan,,25M,2024-10-22 14:10:00
Sketch - Draw & Paint,,,,,50000000,13,3,ART_AND_DESIGN,,4.5,215644,,Positive,,2.8M,2024-10-22 20:07:00
Pixel Draw - Number Art Coloring Book,,,,,100000,14,4,ART_AND_DESIGN,,4.3,967,,Positive,,5.6M,2024-10-22 11:10:00
Paper flowers instructions,,,,,50000,15,5,ART_AND_DESIGN,,4.4,167,,Positive,,19M,2024-10-22 06:09:00
Smoke Effect Photo Maker - Smoke Editor,,,,,50000,16,6,ART_AND_DESIGN,,3.8,178,,Positive,,29M,2024-10-22 22:39:00
Infinite Painter,,,,,1000000,17,7,ART_AND_DESIGN,,4.1,36815,,nan,,33M,2024-10-22 11:31:00
Garden Coloring Book,,,,,1000000,18,8,ART_AND_DESIGN,,4.4,13791,,Neutral,,3.1M,2024-10-22 11:25:00
Kids Paint Free - Drawing Fun,,,,,10000,19,9,ART_AND_DESIGN,,4.7,121,,Neutral,,28M,2024-10-22 17:04:00
Text on Photo - Fonteee,,,,,1000000,20,10,ART_AND_DESIGN,,4.4,13880,,Positive,,12M,2024-10-22 05:11:00
Name Art Photo Editor - Focus n Filters,,,,,1000000,21,11,ART_AND_DESIGN,,4.4,8788,,Positive,,20M,2024-10-22 13:00:00
Tattoo Name On My Photo Editor,,,,,10000000,22,12,ART_AND_DESIGN,,4.2,44829,,Positive,,21M,2024-10-22 02:36:00
Mandala Coloring Book,,,,,100000,23,13,ART_AND_DESIGN,,4.6,4326,,Positive,,37M,2024-10-22 22:46:00
3D Color Pixel by Number - Sandbox Art Coloring,,,,,100000,24,14,ART_AND_DESIGN,,4.4,1518,,Positive,,2.7M,2024-10-22 05:49:00
Learn To Draw Kawaii Characters,,,,,5000,25,15,ART_AND_DESIGN,,3.2,55,,nan,,5.5M,2024-10-22 12:52:00
Photo Designer - Write your name with shapes,,,,,500000,26,16,ART_AND_DESIGN,,4.7,3632,,Positive,,17M,2024-10-22 05:36:00
350 Diy Room Decor Ideas,,,,,10000,27,17,ART_AND_DESIGN,,4.5,27,,Positive,,39M,2024-10-22 14:49:00
FlipaClip - Cartoon animation,,,,,5000000,28,18,ART_AND_DESIGN,,4.3,194216,,Positive,,31M,2024-10-22 17:10:00
ibis Paint X,,,,,10000000,29,19,ART_AND_DESIGN,,4.6,224399,,Positive,,14M,2024-10-22 00:28:00
Logo Maker - Small Business,,,,,100000,30,20,ART_AND_DESIGN,,4,450,,Positive,,12M,2024-10-22 23:54:00
Boys Photo Editor - Six Pack & Men's Suit,,,,,100000,31,21,ART_AND_DESIGN,,4.1,654,,Positive,,4.2M,2024-10-22 17:13:00
Superheroes Wallpapers | 4K Backgrounds,,,,,500000,32,22,ART_AND_DESIGN,,4.7,7699,,Neutral,,7.0M,2024-10-22 14:18:00
Mcqueen Coloring pages,,,,,100000,33,23,ART_AND_DESIGN,,4.5,61,,Positive,,23M,2024-10-22 05:11:00
HD Mickey Minnie Wallpapers,,,,,50000,34,24,ART_AND_DESIGN,,4.7,118,,Positive,,6.0M,2024-10-22 20:56:00
Harley Quinn wallpapers HD,,,,,10000,35,25,ART_AND_DESIGN,,4.8,192,,Neutral,,25M,2024-10-22 20:29:00
Colorfit - Drawing & Coloring,,,,,500000,36,26,ART_AND_DESIGN,,4.7,20260,,Positive,,6.1M,2024-10-22 02:35:00
Animated Photo Editor,,,,,100000,0,0,ART_AND_DESIGN,,4.1,203,,Positive,,4.6M,2024-10-22 23:25:00
Pencil Sketch Drawing,,,,,10000,0,0,ART_AND_DESIGN,,3.9,136,,Positive,,4.2M,2024-10-22 01:01:00
Easy Realistic Drawing Tutorial,,,,,100000,0,0,ART_AND_DESIGN,,4.1,223,,Neutral,,9.2M,2024-10-22 22:48:00
Pink Silver Bow Keyboard Theme,,,,,100000,0,0,ART_AND_DESIGN,,4.2,1120,,Positive,,5.2M,2024-10-22 04:25:00
Art Drawing Ideas,,,,,50000,0,0,ART_AND_DESIGN,,4.1,227,,Positive,,11M,2024-10-22 10:57:00
Anime Manga Coloring Book,,,,,100000,0,0,ART_AND_DESIGN,,4.5,5035,,Negative,,11M,2024-10-22 04:19:00
Easy Origami Ideas,,,,,100000,0,0,ART_AND_DESIGN,,4.2,1015,,Positive,,4.2M,2024-10-22 21:50:00
I Creative Idea,,,,,10000,0,0,ART_AND_DESIGN,,4.7,353,,Positive,,9.2M,2024-10-22 16:07:00
How to draw Ladybug and Cat Noir,,,,,100000,0,0,ART_AND_DESIGN,,3.8,564,,Positive,,24M,2024-10-22 14:16:00
UNICORN - Color By Number & Pixel Art Coloring,,,,,500000,0,0,ART_AND_DESIGN,,4.7,8145,,Positive,,20M,2024-10-22 20:30:00
Floor Plan Creator,,,,,5000000,0,0,ART_AND_DESIGN,,4.1,36639,,Positive,,11M,2024-10-22 21:51:00
PIP Camera - PIP Collage Maker,,,,,10000,0,0,ART_AND_DESIGN,,4.7,158,,Positive,,9.4M,2024-10-22 22:35:00
How To Color Disney Princess - Coloring Pages,,,,,500000,0,0,ART_AND_DESIGN,,4,591,,Positive,,15M,2024-10-22 04:28:00
Drawing Clothes Fashion Ideas,,,,,10000,0,0,ART_AND_DESIGN,,4.2,117,,Positive,,10M,2024-10-22 11:30:00
Sad Poetry Photo Frames 2018,,,,,100000,0,0,ART_AND_DESIGN,,4.5,176,,Positive,,20M,2024-10-22 22:45:00
Textgram - write on photos,,,,,10000000,0,0,ART_AND_DESIGN,,4.4,295221,,Positive,,1.2M,2024-10-22 01:01:00
Paint Splash!,,,,,100000,0,0,ART_AND_DESIGN,,3.8,2206,,Negative,,12M,2024-10-22 01:44:00
Popsicle Sticks and Similar DIY Craft Ideas,,,,,10000,0,0,ART_AND_DESIGN,,4.2,26,,Positive,,24M,2024-10-22 14:06:00
"Canva: Poster, banner, card maker & graphic design",,,,,10000000,0,0,ART_AND_DESIGN,,4.7,174531,,Positive,,26M,2024-10-22 14:18:00
Install images with music to make video without Net - 2018,,,,,100000,0,0,ART_AND_DESIGN,,4.6,1070,,Positive,,8.0M,2024-10-22 02:53:00
Little Teddy Bear Colouring Book Game,,,,,100000,0,0,ART_AND_DESIGN,,4.2,85,,Positive,,7.9M,2024-10-22 15:27:00
How To Draw Food,,,,,100000,0,0,ART_AND_DESIGN,,4.3,845,,Positive,,25M,2024-10-22 14:27:00
Monster Truck Stunt 3D 2019,,,,,100000,0,0,AUTO_AND_VEHICLES,,4.2,367,,Positive,,56M,2024-10-22 03:04:00
Real Tractor Farming,,,,,1000000,0,0,AUTO_AND_VEHICLES,,4,1598,,Positive,,57M,2024-10-22 05:32:00
Ultimate F1 Racing Championship,,,,,100000,0,0,AUTO_AND_VEHICLES,,3.8,284,,Neutral,,20M,2024-10-22 06:35:00
Used Cars and Trucks for Sale,,,,,1000000,0,0,AUTO_AND_VEHICLES,,4.6,17057,,Positive,,35M,2024-10-22 08:42:00
American Muscle Car Race,,,,,100000,0,0,AUTO_AND_VEHICLES,,3.9,129,,Positive,,33M,2024-10-22 17:26:00
Offroad Oil Tanker Driver Transport Truck 2019,,,,,100000,0,0,AUTO_AND_VEHICLES,,4.3,542,,Positive,,33M,2024-10-22 23:17:00
Tickets SDA 2018 and Exam from the State Traffic Safety Inspectorate with Drom.ru,,,,,100000,0,0,AUTO_AND_VEHICLES,,4.9,10479,,Positive,,5.6M,2024-10-22 08:04:00
Gas Prices (Germany only),,,,,50000,0,0,AUTO_AND_VEHICLES,,4.4,805,,Neutral,,54M,2024-10-22 23:00:00
Extreme Rally Championship,,,,,100000,0,0,AUTO_AND_VEHICLES,,4.2,129,,Positive,,201k,2024-10-22 11:33:00
Restart Navigator,,,,,100000,0,0,AUTO_AND_VEHICLES,,4,1403,,Positive,,3.6M,2024-10-22 13:33:00
"REG - Check the regnumber, find information about Swedish vehicles",,,,,100000,0,0,AUTO_AND_VEHICLES,,3.9,3971,,Positive,,5.7M,2024-10-22 08:30:00
CityBus Lviv,,,,,10000,0,0,AUTO_AND_VEHICLES,,4.6,534,,Positive,,17M,2024-10-22 05:18:00
CDL Practice Test 2018 Edition,,,,,100000,0,0,AUTO_AND_VEHICLES,,4.9,7774,,Neutral,,8.6M,2024-10-22 20:14:00
"ezETC (ETC balance inquiry, meter trial, real-time traffic)",,,,,1000000,0,0,AUTO_AND_VEHICLES,,4.3,38846,,Positive,,2.4M,2024-10-22 03:08:00
Free VIN Report for Used Cars,,,,,100000,0,0,AUTO_AND_VEHICLES,,4.6,2431,,Positive,,27M,2024-10-22 10:52:00
DMV Permit Practice Test 2018 Edition,,,,,100000,0,0,AUTO_AND_VEHICLES,,4.9,6090,,Neutral,,2.7M,2024-10-22 20:00:00
Check Vehicle Tax,,,,,10000,0,0,AUTO_AND_VEHICLES,,3.9,295,,Positive,,2.5M,2024-10-22 19:07:00
Used Cars Mexico,,,,,50000,0,0,AUTO_AND_VEHICLES,,4,190,,Positive,,20M,2024-10-22 19:53:00
Ulysse Speedometer,,,,,5000000,0,0,AUTO_AND_VEHICLES,,4.3,40211,,Positive,,20M,2024-10-22 17:46:00
REPUVE,,,,,100000,0,0,AUTO_AND_VEHICLES,,3.9,356,,Negative,,7.0M,2024-10-22 15:10:00
Used cars for sale - Trovit,,,,,5000000,0,0,AUTO_AND_VEHICLES,,4.2,52530,,Positive,,35M,2024-10-22 11:47:00
"Fines of the State Traffic Safety Inspectorate are official: inspection, payment of fines",,,,,5000000,0,0,AUTO_AND_VEHICLES,,4.8,116986,,Positive,,16M,2024-10-22 04:48:00
SK Enca Direct Malls - Used Cars Search,,,,,500000,0,0,AUTO_AND_VEHICLES,,3.6,1379,,Positive,,16M,2024-10-22 21:23:00
"Android Auto - Maps, Media, Messaging & Voice",,,,,10000000,0,0,AUTO_AND_VEHICLES,,4.2,271920,,Positive,,20M,2024-10-22 20:11:00
PDD-UA,,,,,100000,0,0,AUTO_AND_VEHICLES,,4.8,736,,Positive,,17M,2024-10-22 10:38:00
Tickets SDA 2019 + Exam RF,,,,,500000,0,0,AUTO_AND_VEHICLES,,4.8,7021,,Positive,,3.4M,2024-10-22 10:45:00
Super Cars Wallpapers And Backgrounds,,,,,50000,0,0,AUTO_AND_VEHICLES,,4.6,197,,Positive,,8.9M,2024-10-22 13:34:00
"Police Lights, Sirens & Follow Me",,,,,100000,0,0,AUTO_AND_VEHICLES,,4.5,737,,Positive,,3.9M,2024-10-22 18:27:00
Police Detector (Speed Camera Radar),,,,,1000000,0,0,AUTO_AND_VEHICLES,,4.3,3574,,Positive,,2.9M,2024-10-22 12:11:00
Best Car Wallpapers,,,,,100000,0,0,AUTO_AND_VEHICLES,,4.5,994,,Positive,,38M,2024-10-22 09:40:00
Tickets + PDA 2018 Exam,,,,,1000000,0,0,AUTO_AND_VEHICLES,,4.9,197136,,Positive,,32M,2024-10-22 12:21:00
Pick Your Part Garage,,,,,50000,0,0,AUTO_AND_VEHICLES,,3.9,142,,Positive,,37M,2024-10-22 04:07:00
PakWheels: Buy & Sell Cars,,,,,1000000,0,0,AUTO_AND_VEHICLES,,4.4,15168,,Positive,,15M,2024-10-22 00:04:00
Supervision service,,,,,500000,0,0,AUTO_AND_VEHICLES,,4,2155,,Positive,,5.4M,2024-10-22 13:52:00
Speed Camera Detector - Traffic & Speed Alert,,,,,100000,0,0,AUTO_AND_VEHICLES,,4.3,138,,Positive,,18M,2024-10-22 09:15:00
Used car search Goo net whole car Go to net,,,,,1000000,0,0,AUTO_AND_VEHICLES,,3.7,5414,,Positive,,20M,2024-10-22 10:33:00
CarMax ‚Äì Cars for Sale: Search Used Car Inventory,,,,,1000000,0,0,AUTO_AND_VEHICLES,,4.4,21777,,Negative,,38M,2024-10-22 05:18:00
BEST CAR SOUNDS,,,,,100000,0,0,AUTO_AND_VEHICLES,,4.3,348,,Neutral,,1.1M,2024-10-22 04:46:00
RST - Sale of cars on the PCT,,,,,100000,0,0,AUTO_AND_VEHICLES,,3.2,250,,Neutral,,20M,2024-10-22 11:08:00
AutoScout24 Switzerland ‚Äì Find your new car,,,,,1000000,0,0,AUTO_AND_VEHICLES,,4.6,13372,,Positive,,20M,2024-10-22 14:35:00
Zona Azul Digital F√°cil SP CET - OFFICIAL S√£o Paulo,,,,,100000,0,0,AUTO_AND_VEHICLES,,4.6,7880,,Positive,,7.9M,2024-10-22 19:51:00
SMS Park,,,,,100000,0,0,AUTO_AND_VEHICLES,,4.5,3617,,Positive,,35M,2024-10-22 14:32:00
SKencar,,,,,1000000,0,0,AUTO_AND_VEHICLES,,3.7,4806,,Positive,,20M,2024-10-22 03:26:00
Fuelio: Gas log & costs,,,,,1000000,0,0,AUTO_AND_VEHICLES,,4.6,65786,,Positive,,17M,2024-10-22 12:30:00
auto fines,,,,,1000000,0,0,AUTO_AND_VEHICLES,,4.6,31433,,Positive,,19M,2024-10-22 19:02:00
"Used car is the first car - used car purchase, used car quotation, dealer information to",,,,,1000000,0,0,AUTO_AND_VEHICLES,,4.6,5097,,Positive,,14M,2024-10-22 23:37:00
All of the parking lot - National Park application (parking lot search / parking sharing / discount payment),,,,,500000,0,0,AUTO_AND_VEHICLES,,4,1754,,Negative,,2.2M,2024-10-22 07:21:00
Inquiry Fines and Debits of Vehicles,,,,,500000,0,0,AUTO_AND_VEHICLES,,4.4,2680,,Positive,,4.5M,2024-10-22 10:43:00
Gas Station,,,,,100000,0,0,AUTO_AND_VEHICLES,,4,1288,,Positive,,17M,2024-10-22 08:27:00
Hush - Beauty for Everyone,,,,,500000,0,0,BEAUTY,,4.7,18900,,Positive,,14M,2024-10-22 08:42:00
"ipsy: Makeup, Beauty, and Tips",,,,,1000000,0,0,BEAUTY,,4.9,49790,,Positive,,9.8M,2024-10-22 04:01:00
Natural recipes for your beauty,,,,,100000,0,0,BEAUTY,,4.7,1150,,Positive,,21M,2024-10-22 12:26:00
"BestCam Selfie-selfie, beauty camera, photo editor",,,,,500000,0,0,BEAUTY,,3.9,1739,,Positive,,20M,2024-10-22 23:05:00
Mirror - Zoom & Exposure -,,,,,1000000,0,0,BEAUTY,,3.9,32090,,nan,,52M,2024-10-22 02:17:00
Beauty Selfie Camera,,,,,500000,0,0,BEAUTY,,4.2,2225,,Positive,,14M,2024-10-22 14:55:00
Hairstyles step by step,,,,,100000,0,0,BEAUTY,,4.6,4369,,Positive,,25M,2024-10-22 03:59:00
Filters for Selfie,,,,,1000000,0,0,BEAUTY,,4.3,8572,,Positive,,9.0M,2024-10-22 16:05:00
Tie - Always be happy,,,,,50000,0,0,BEAUTY,,4.7,964,,Positive,,20M,2024-10-22 14:47:00
Ulta Beauty,,,,,1000000,0,0,BEAUTY,,4.7,42050,,nan,,12M,2024-10-22 12:57:00
Prom MakeUp Tutorial,,,,,10000,0,0,BEAUTY,,4.8,104,,Neutral,,20M,2024-10-22 07:14:00
Selfie Camera,,,,,1000000,0,0,BEAUTY,,4.2,17934,,Neutral,,35M,2024-10-22 11:07:00
Sweet Selfie Beauty Camera,,,,,100000,0,0,BEAUTY,,4.3,601,,Positive,,6.7M,2024-10-22 07:20:00
Colors of white in Urdu,,,,,10000,0,0,BEAUTY,,4.5,36,,Positive,,30M,2024-10-22 08:02:00
Selfie Camera Photo Editor & Filter & Sticker,,,,,50000,0,0,BEAUTY,,4.1,187,,Positive,,5.7M,2024-10-22 19:06:00
Wrinkles and rejuvenation,,,,,100000,0,0,BEAUTY,,NaN,182,,Positive,,2.9M,2024-10-22 22:01:00
Eyes Makeup Beauty Tips,,,,,10000,0,0,BEAUTY,,4.2,30,,Positive,,17M,2024-10-22 21:29:00
Photo Editor 2018,,,,,10000,0,0,BEAUTY,,4.5,134,,nan,,2.9M,2024-10-22 18:00:00
Step By Step Eyes Makeup Tutorial,,,,,10000,0,0,BEAUTY,,4.4,74,,Positive,,20M,2024-10-22 23:56:00
Beauty Camera - Selfie Camera,,,,,10000000,0,0,BEAUTY,,4,113715,,Positive,,20M,2024-10-22 05:30:00
Girls Hairstyles,,,,,500000,0,0,BEAUTY,,4.1,3595,,Positive,,2.6M,2024-10-22 05:28:00
Mirror Camera (Mirror + Selfie Camera),,,,,1000000,0,0,BEAUTY,,4.1,9315,,Positive,,4.2M,2024-10-22 20:25:00
Beauty Tips - Beauty Tips in Sinhala,,,,,50000,0,0,BEAUTY,,4.4,75,,Positive,,7.1M,2024-10-22 13:02:00
Haircut Tutorials/Haircut Videos,,,,,10000,0,0,BEAUTY,,4.6,38,,Positive,,57M,2024-10-22 10:23:00
"Sephora: Skin Care, Beauty Makeup & Fragrance Shop",,,,,1000000,0,0,BEAUTY,,4.5,26834,,Neutral,,3.7M,2024-10-22 16:15:00
Manicure - nail design,,,,,50000,0,0,BEAUTY,,NaN,119,,Positive,,22M,2024-10-22 19:37:00
"Sticker Camera - Selfie Filters, Beauty Camera",,,,,500000,0,0,BEAUTY,,3.9,2277,,Positive,,24M,2024-10-22 17:09:00
Filters for B Live,,,,,500000,0,0,BEAUTY,,4.4,2280,,Neutral,,7.4M,2024-10-22 00:53:00
Skin Care and Natural Beauty,,,,,100000,0,0,BEAUTY,,NaN,654,,Positive,,21M,2024-10-22 17:24:00
Facial Wrinkle Reduction,,,,,10000,0,0,BEAUTY,,4.6,184,,Positive,,3.4M,2024-10-22 13:43:00
Makeup Videos,,,,,5000,0,0,BEAUTY,,3.8,9,,Positive,,2.9M,2024-10-22 10:10:00
"Secrets of beauty, youth and health",,,,,10000,0,0,BEAUTY,,NaN,77,,Neutral,,3.1M,2024-10-22 03:19:00
Recipes and tips for losing weight,,,,,10000,0,0,BEAUTY,,NaN,35,,Positive,,6.4M,2024-10-22 06:24:00
Discover Color,,,,,100000,0,0,BEAUTY,,4,364,,Positive,,3.2M,2024-10-22 20:58:00
Eyeliner step by step 2018,,,,,5000,0,0,BEAUTY,,4.3,18,,Negative,,8.2M,2024-10-22 16:41:00
Dresses Ideas & Fashions +3000,,,,,100000,0,0,BEAUTY,,4.5,473,,Positive,,9.9M,2024-10-22 20:11:00
"Lady adviser (beauty, health)",,,,,10000,0,0,BEAUTY,,NaN,30,,Positive,,2.9M,2024-10-22 22:38:00
Step By Step Hairstyles For Women,,,,,10000,0,0,BEAUTY,,4.1,66,,Positive,,23M,2024-10-22 02:22:00
Rainbow Camera,,,,,1000000,0,0,BEAUTY,,3.7,3871,,Positive,,4.6M,2024-10-22 04:44:00
Methods of teeth whitening,,,,,50000,0,0,BEAUTY,,4.7,257,,Positive,,3.1M,2024-10-22 20:20:00
Girls hairstyles 2018,,,,,10000,0,0,BEAUTY,,4.2,62,,Positive,,20M,2024-10-22 11:53:00
Wattpad üìñ Free Books,,,,,100000000,0,0,BOOKS_AND_REFERENCE,,4.6,2914724,,Positive,,4.9M,2024-10-22 18:20:00
E-Book Read - Read Book for free,,,,,50000,0,0,BOOKS_AND_REFERENCE,,4.5,1857,,Positive,,9.5M,2024-10-22 15:44:00
Download free book with green book,,,,,100000,0,0,BOOKS_AND_REFERENCE,,4.6,4478,,Positive,,20M,2024-10-22 20:03:00
Wikipedia,,,,,10000000,0,0,BOOKS_AND_REFERENCE,,4.4,577550,,Positive,,20M,2024-10-22 08:12:00
Amazon Kindle,,,,,100000000,40,10,BOOKS_AND_REFERENCE,,4.2,814080,,Negative,,20M,2024-10-22 16:02:00
Cool Reader,,,,,10000000,41,11,BOOKS_AND_REFERENCE,,4.5,246315,,Positive,,20M,2024-10-22 19:11:00
Dictionary - Merriam-Webster,,,,,10000000,42,12,BOOKS_AND_REFERENCE,,4.5,454060,,Positive,,20M,2024-10-22 15:11:00
NOOK: Read eBooks & Magazines,,,,,10000000,43,13,BOOKS_AND_REFERENCE,,4.5,155446,,Positive,,4.2M,2024-10-22 08:08:00
Free Panda Radio Music,,,,,100000,44,14,BOOKS_AND_REFERENCE,,4.5,418,,Positive,,5.4M,2024-10-22 22:56:00
Book store,,,,,1000000,45,15,BOOKS_AND_REFERENCE,,4.4,22486,,Positive,,20M,2024-10-22 04:44:00
FBReader: Favorite Book Reader,,,,,10000000,46,16,BOOKS_AND_REFERENCE,,4.5,203130,,Positive,,2.8M,2024-10-22 08:44:00
English Grammar Complete Handbook,,,,,500000,47,17,BOOKS_AND_REFERENCE,,4.6,1435,,Positive,,5.0M,2024-10-22 19:49:00
Free Books - Spirit Fanfiction and Stories,,,,,1000000,48,18,BOOKS_AND_REFERENCE,,4.8,116507,,Neutral,,20M,2024-10-22 12:32:00
Google Play Books,,,,,1000000000,49,19,BOOKS_AND_REFERENCE,,3.9,1433233,,Positive,,5.9M,2024-10-22 05:27:00
AlReader -any text book reader,,,,,5000000,50,20,BOOKS_AND_REFERENCE,,4.6,90468,,Positive,,13M,2024-10-22 11:47:00
Offline English Dictionary,,,,,100000,51,21,BOOKS_AND_REFERENCE,,4.2,860,,Positive,,7.1M,2024-10-22 10:44:00
Oxford Dictionary of English : Free,,,,,10000000,52,22,BOOKS_AND_REFERENCE,,4.1,363934,,Positive,,6.7M,2024-10-22 11:09:00
Offline: English to Tagalog Dictionary,,,,,500000,53,23,BOOKS_AND_REFERENCE,,4.7,967,,Neutral,,20M,2024-10-22 06:04:00
Spanish English Translator,,,,,10000000,54,24,BOOKS_AND_REFERENCE,,4.2,87873,,Positive,,17M,2024-10-22 18:37:00
FamilySearch Tree,,,,,1000000,55,25,BOOKS_AND_REFERENCE,,4.3,17506,,Positive,,19M,2024-10-22 19:32:00
Cloud of Books,,,,,1000000,56,26,BOOKS_AND_REFERENCE,,3.3,1862,,Positive,,6.7M,2024-10-22 11:09:00
Recipes of Prophetic Medicine for free,,,,,500000,57,27,BOOKS_AND_REFERENCE,,4.6,2084,,Positive,,21M,2024-10-22 00:50:00
ReadEra ‚Äì free ebook reader,,,,,1000000,58,28,BOOKS_AND_REFERENCE,,4.8,47303,,Neutral,,20M,2024-10-22 00:49:00
NOOK App for NOOK Devices,,,,,500000,59,29,BOOKS_AND_REFERENCE,,4.7,19080,,Positive,,2.7M,2024-10-22 00:44:00
Anonymous caller detection,,,,,10000,60,30,BOOKS_AND_REFERENCE,,NaN,161,,Positive,,37M,2024-10-22 14:05:00
Ebook Reader,,,,,5000000,61,31,BOOKS_AND_REFERENCE,,4.1,85842,,Neutral,,15M,2024-10-22 08:25:00
Litnet - E-books,,,,,100000,62,32,BOOKS_AND_REFERENCE,,4.6,7831,,Positive,,23M,2024-10-22 06:44:00
Read books online,,,,,5000000,63,33,BOOKS_AND_REFERENCE,,4.1,91615,,Positive,,19M,2024-10-22 04:12:00
English to Urdu Dictionary,,,,,500000,64,34,BOOKS_AND_REFERENCE,,4.6,4620,,Positive,,23M,2024-10-22 17:50:00
eBoox: book reader fb2 epub zip,,,,,1000000,65,35,BOOKS_AND_REFERENCE,,4.7,21336,,Negative,,73M,2024-10-22 12:00:00
English Persian Dictionary,,,,,500000,66,36,BOOKS_AND_REFERENCE,,4.5,26875,,Positive,,4.9M,2024-10-22 14:16:00
Flybook,,,,,500000,67,37,BOOKS_AND_REFERENCE,,3.9,1778,,Positive,,6.8M,2024-10-22 14:19:00
All Maths Formulas,,,,,1000000,68,38,BOOKS_AND_REFERENCE,,4.4,2709,,Positive,,20M,2024-10-22 05:33:00
Ancestry,,,,,5000000,69,39,BOOKS_AND_REFERENCE,,4.3,64513,,Positive,,20M,2024-10-22 22:40:00
HTC Help,,,,,10000000,70,40,BOOKS_AND_REFERENCE,,4.2,8342,,Positive,,2.9M,2024-10-22 18:27:00
English translation from Bengali,,,,,100000,71,41,BOOKS_AND_REFERENCE,,4.5,527,,Positive,,3.5M,2024-10-22 12:57:00
Pdf Book Download - Read Pdf Book,,,,,100000,72,42,BOOKS_AND_REFERENCE,,4.4,1322,,Positive,,4.0M,2024-10-22 16:28:00
Free Book Reader,,,,,100000,73,43,BOOKS_AND_REFERENCE,,3.4,1680,,Positive,,21M,2024-10-22 05:30:00
eBoox new: Reader for fb2 epub zip books,,,,,50000,74,44,BOOKS_AND_REFERENCE,,4.9,2739,,Positive,,2.3M,2024-10-22 12:17:00
"Only 30 days in English, the guideline is guaranteed",,,,,500000,75,45,BOOKS_AND_REFERENCE,,4.6,1065,,Positive,,20M,2024-10-22 23:05:00
Moon+ Reader,,,,,10000000,76,46,BOOKS_AND_REFERENCE,,4.4,233757,,Positive,,7.2M,2024-10-22 03:09:00
SH-02J Owner's Manual (Android 8.0),,,,,50000,77,47,BOOKS_AND_REFERENCE,,NaN,2,,Positive,,10M,2024-10-22 00:02:00
English-Myanmar Dictionary,,,,,1000000,78,48,BOOKS_AND_REFERENCE,,4.4,8788,,Positive,,6.1M,2024-10-22 13:51:00
Golden Dictionary (EN-AR),,,,,1000000,79,49,BOOKS_AND_REFERENCE,,4.4,51269,,Positive,,2.1M,2024-10-22 07:13:00
All Language Translator Free,,,,,1000000,80,50,BOOKS_AND_REFERENCE,,4.4,30105,,Positive,,42M,2024-10-22 10:49:00
Azpen eReader,,,,,500000,81,51,BOOKS_AND_REFERENCE,,3.5,156,,Positive,,7.3M,2024-10-22 06:08:00
URBANO V 02 instruction manual,,,,,100000,82,52,BOOKS_AND_REFERENCE,,NaN,114,,Negative,,30M,2024-10-22 18:18:00
English Dictionary - Offline,,,,,10000000,83,53,BOOKS_AND_REFERENCE,,4.4,341157,,Neutral,,20M,2024-10-22 20:47:00
Visual Voicemail by MetroPCS,,,,,10000000,84,54,BUSINESS,,4.1,16129,,Neutral,,20M,2024-10-22 08:48:00
Indeed Job Search,,,,,50000000,85,55,BUSINESS,,4.3,674730,,Positive,,20M,2024-10-22 09:00:00
Uber Driver,,,,,10000000,86,56,BUSINESS,,4.4,1254730,,Positive,,29M,2024-10-22 03:46:00
ADP Mobile Solutions,,,,,5000000,87,57,BUSINESS,,4.3,85185,,Positive,,20M,2024-10-22 21:33:00
Snag - Jobs Hiring Now,,,,,1000000,88,58,BUSINESS,,4.3,32584,,Positive,,20M,2024-10-22 19:01:00
Docs To Go‚Ñ¢ Free Office Suite,,,,,50000000,89,59,BUSINESS,,4.1,217730,,Positive,,20M,2024-10-22 21:09:00
Google My Business,,,,,5000000,90,60,BUSINESS,,4.4,70991,,Positive,,35M,2024-10-22 09:31:00
OfficeSuite : Free Office + PDF Editor,,,,,100000000,91,61,BUSINESS,,4.3,1002861,,Positive,,9.1M,2024-10-22 09:54:00
USPS MOBILE¬Æ,,,,,1000000,92,62,BUSINESS,,3.9,16589,,Negative,,25M,2024-10-22 22:14:00
Job Search by ZipRecruiter,,,,,1000000,93,63,BUSINESS,,4.8,148945,,Positive,,3.9M,2024-10-22 05:11:00
Curriculum vitae App CV Builder Free Resume Maker,,,,,500000,94,64,BUSINESS,,4.5,4458,,Positive,,18M,2024-10-22 17:40:00
Google Primer,,,,,10000000,95,65,BUSINESS,,4.4,62272,,Positive,,12M,2024-10-22 19:17:00
Alba Heaven - Alvarez Job Portal Services,,,,,5000000,96,66,BUSINESS,,4,8941,,Positive,,21M,2024-10-22 16:04:00
SuperLivePro,,,,,1000000,97,67,BUSINESS,,4.3,46353,,Positive,,20M,2024-10-22 05:32:00
Facebook Pages Manager,,,,,50000000,98,68,BUSINESS,,4,1279184,,Positive,,20M,2024-10-22 08:58:00
OfficeSuite Pro + PDF (Trial),,,,,10000000,99,69,BUSINESS,,4.2,88073,,Neutral,,20M,2024-10-22 12:08:00
My Space - Employment Center,,,,,1000000,100,70,BUSINESS,,4.5,67000,,Positive,,20M,2024-10-22 16:14:00
Box,,,,,10000000,101,71,BUSINESS,,4.2,159872,,Positive,,55M,2024-10-22 19:18:00
Polaris Office for LG,,,,,5000000,102,72,BUSINESS,,4.2,30847,,Positive,,3.2M,2024-10-22 08:06:00
Call Blocker,,,,,5000000,103,73,BUSINESS,,4.6,188841,,Negative,,20M,2024-10-22 09:08:00
Jobs in Alabama - Jobs in Alba,,,,,5000000,104,74,BUSINESS,,4.1,11622,,Positive,,20M,2024-10-22 05:08:00
Square Point of Sale - POS,,,,,5000000,105,75,BUSINESS,,4.6,95912,,Neutral,,23k,2024-10-22 06:00:00
Plugin:AOT v5.0,,,,,100000,106,76,BUSINESS,,3.1,4034,,Positive,,16M,2024-10-22 10:28:00
Kariyer.net,,,,,1000000,107,77,BUSINESS,,3.9,45964,,Neutral,,20M,2024-10-22 15:02:00
SEEK Job Search,,,,,1000000,108,78,BUSINESS,,4.3,14955,,Positive,,14M,2024-10-22 00:40:00
Become a Job - Find a job or advertise,,,,,1000000,109,79,BUSINESS,,4.1,6903,,Neutral,,37M,2024-10-22 00:29:00
ZOOM Cloud Meetings,,,,,10000000,110,80,BUSINESS,,4.4,31614,,Positive,,20M,2024-10-22 11:38:00
Easy Installer - Apps On SD,,,,,5000000,111,81,BUSINESS,,4.1,23055,,Neutral,,20M,2024-10-22 01:15:00
Facebook Ads Manager,,,,,1000000,112,82,BUSINESS,,4.1,19023,,Positive,,11M,2024-10-22 04:56:00
"IndiaMART: Search Products, Buy, Sell & Trade",,,,,5000000,113,83,BUSINESS,,4.5,207372,,Positive,,25M,2024-10-22 21:41:00
ViettelPost express delivery,,,,,100000,114,84,BUSINESS,,4.4,1225,,Positive,,7.3M,2024-10-22 07:08:00
MyASUS - Service Center,,,,,10000000,115,85,BUSINESS,,4.4,380837,,Positive,,6.5M,2024-10-22 08:36:00
Job Korea - Career Jobs,,,,,1000000,116,86,BUSINESS,,4.3,10600,,Positive,,25M,2024-10-22 15:07:00
"104 Looking for a job - looking for a job, looking for a job, looking for a part-time job, health checkup, resume, treatment room",,,,,1000000,117,87,BUSINESS,,4.4,74359,,Neutral,,3.1M,2024-10-22 20:24:00
Myanmar 2D/3D,,,,,100000,118,88,BUSINESS,,4.6,822,,Neutral,,20M,2024-10-22 06:22:00
Quick PDF Scanner + OCR FREE,,,,,5000000,119,89,BUSINESS,,4.2,80805,,Positive,,1.5M,2024-10-22 01:03:00
sABN,,,,,1000000,120,90,BUSINESS,,4.4,2287,,Positive,,7.5M,2024-10-22 15:43:00
ATI Cargoes and Transportation,,,,,100000,121,91,BUSINESS,,4.7,4162,,Positive,,8.6M,2024-10-22 21:29:00
Secure Folder,,,,,50000000,122,92,BUSINESS,,3.8,14760,,Positive,,20M,2024-10-22 01:38:00
UPS Mobile,,,,,5000000,123,93,BUSINESS,,3.9,23243,,Positive,,1.2M,2024-10-22 23:09:00
Y! Mobile menu,,,,,100000,124,94,BUSINESS,,NaN,9,,Positive,,20M,2024-10-22 19:51:00
SignEasy | Sign and Fill PDF and other Documents,,,,,1000000,125,95,BUSINESS,,4.3,8978,,Positive,,20M,2024-10-22 13:13:00
Genius Scan - PDF Scanner,,,,,1000000,126,96,BUSINESS,,4.2,80805,,Positive,,20M,2024-10-22 22:32:00
Tiny Scanner - PDF Scanner App,,,,,10000000,127,97,BUSINESS,,4.4,42492,,Positive,,39M,2024-10-22 18:31:00
Fast Scanner : Free PDF Scan,,,,,10000000,128,98,BUSINESS,,4.7,286897,,Positive,,14M,2024-10-22 20:20:00
Mobile Doc Scanner (MDScan) Lite,,,,,1000000,129,99,BUSINESS,,4.5,103755,,Positive,,19M,2024-10-22 04:54:00
TurboScan: scan documents and receipts in PDF,,,,,100000,130,100,BUSINESS,,4.2,46505,,Positive,,6.8M,2024-10-22 19:05:00
Tiny Scanner Pro: PDF Doc Scan,,,,,100000,131,101,BUSINESS,,4.7,11442,,Neutral,,39M,2024-10-22 05:29:00
Zenefits,,,,,50000,132,102,BUSINESS,,4.8,10295,,Positive,,20M,2024-10-22 20:45:00
Google Ads,,,,,5000000,133,103,BUSINESS,,4.2,159872,,Positive,,14M,2024-10-22 20:43:00
Slack,,,,,5000000,134,104,BUSINESS,,4.2,296,,Positive,,20M,2024-10-22 22:39:00
FreshBooks Classic,,,,,100000,135,105,BUSINESS,,4.3,29313,,Positive,,20M,2024-10-22 16:11:00
Insightly CRM,,,,,100000,136,106,BUSINESS,,4.4,70991,,Positive,,20M,2024-10-22 07:19:00
QuickBooks Accounting: Invoicing & Expenses,,,,,1000000,137,107,BUSINESS,,4.4,51507,,Negative,,26M,2024-10-22 04:13:00
HipChat - Chat Built for Teams,,,,,500000,138,108,BUSINESS,,4.1,1802,,Positive,,51M,2024-10-22 21:32:00
Xero Accounting Software,,,,,100000,139,109,BUSINESS,,3.8,1383,,Positive,,41M,2024-10-22 08:39:00
"MailChimp - Email, Marketing Automation",,,,,500000,140,110,BUSINESS,,4.3,23175,,Neutral,,20M,2024-10-22 12:56:00
Crew - Free Messaging and Scheduling,,,,,500000,141,111,BUSINESS,,3.8,5868,,Positive,,20M,2024-10-22 19:38:00
Asana: organize team projects,,,,,1000000,142,112,BUSINESS,,3.5,2111,,Negative,,12M,2024-10-22 01:37:00
Google Analytics,,,,,1000000,143,113,BUSINESS,,4.1,5448,,Negative,,48M,2024-10-22 00:37:00
AdWords Express,,,,,1000000,144,114,BUSINESS,,4.6,4159,,Positive,,10M,2024-10-22 11:02:00
Accounting App - Zoho Books,,,,,100000,145,115,BUSINESS,,4.3,20815,,Positive,,22M,2024-10-22 03:47:00
Invoice & Time Tracking - Zoho,,,,,100000,146,116,BUSINESS,,4.5,78662,,Positive,,11M,2024-10-22 11:58:00
join.me - Simple Meetings,,,,,1000000,147,117,BUSINESS,,4.1,7149,,Positive,,8.5M,2024-10-22 01:47:00
Invoice 2go ‚Äî Professional Invoices and Estimates,,,,,1000000,148,118,BUSINESS,,4.5,3079,,Positive,,8.6M,2024-10-22 01:46:00
Cisco Webex Meetings,,,,,10000000,149,119,BUSINESS,,4.6,5800,,Positive,,20M,2024-10-22 07:40:00
ScreenMeet. Easy Phone Meeting,,,,,100000,150,120,BUSINESS,,4,6989,,Negative,,28M,2024-10-22 21:14:00
Cisco Webex Teams,,,,,100000,151,121,BUSINESS,,4.2,16422,,Positive,,28M,2024-10-22 23:37:00
Microsoft Remote Desktop,,,,,5000000,152,122,BUSINESS,,4.4,108741,,Negative,,37M,2024-10-22 03:31:00
Start Meeting,,,,,50000,0,0,BUSINESS,,4.4,31614,,Neutral,,9.0M,2024-10-22 13:24:00
ClickMeeting Webinars,,,,,1000000,0,0,BUSINESS,,4,624,,Positive,,46M,2024-10-22 07:39:00
BlueJeans for Android,,,,,500000,0,0,BUSINESS,,4.2,1661,,Positive,,20M,2024-10-22 04:36:00
Skype for Business for Android,,,,,10000000,0,0,BUSINESS,,4.2,97702,,Positive,,14M,2024-10-22 10:38:00
Verify - Receipts & Expenses,,,,,10000,0,0,BUSINESS,,4.1,308,,Positive,,20M,2024-10-22 03:51:00
LINE WEBTOON - Free Comics,,,,,10000000,0,0,COMICS,,4,6989,,Positive,,26M,2024-10-22 03:45:00
Manga Master - Best manga & comic reader,,,,,500000,0,0,COMICS,,3.8,5211,,Neutral,,23M,2024-10-22 04:37:00
GANMA! - All original stories free of charge for all original comics,,,,,1000000,0,0,COMICS,,3.9,1058,,Neutral,,20M,2024-10-22 19:21:00
R√∂hrich Werner Soundboard,,,,,500000,0,0,COMICS,,3.9,78172,,Positive,,20M,2024-10-22 13:19:00
Unicorn Pokez - Color By Number,,,,,50000,0,0,COMICS,,4.2,159872,,Neutral,,14M,2024-10-22 07:30:00
MangaToon - Comics updated Daily,,,,,50000,0,0,COMICS,,4.2,296,,Positive,,20M,2024-10-22 19:38:00
Manga Net ‚Äì Best Online Manga Reader,,,,,50000,0,0,COMICS,,4.3,29313,,Neutral,,20M,2024-10-22 08:51:00
Manga Rock - Best Manga Reader,,,,,1000000,0,0,COMICS,,4.4,70991,,Neutral,,20M,2024-10-22 04:47:00
Manga - read Thai translation,,,,,10000,0,0,COMICS,,4.4,51507,,Positive,,26M,2024-10-22 20:37:00
The Vietnam Story - Fun Stories,,,,,10000,0,0,COMICS,,4.1,1802,,Positive,,51M,2024-10-22 21:52:00
Dragon Ball Wallpaper - Ringtones,,,,,10000,0,0,COMICS,,3.8,1383,,Positive,,41M,2024-10-22 23:01:00
Funny Jokes Photos,,,,,10000,0,0,COMICS,,4.3,23175,,Neutral,,20M,2024-10-22 03:27:00
Truy·ªán Vui T√Ω Qu·∫≠y,,,,,10000,0,0,COMICS,,3.8,5868,,Positive,,20M,2024-10-22 09:40:00
Comic Es - Shojo manga / love comics free of charge ‚ô™ ‚ô™,,,,,100000,0,0,COMICS,,3.5,2111,,Negative,,12M,2024-10-22 20:51:00
comico Popular Original Cartoon Updated Everyday Comico,,,,,5000000,0,0,COMICS,,4.1,5448,,Positive,,48M,2024-10-22 11:19:00
Daily Manga - Comic & Webtoon,,,,,100000,0,0,COMICS,,4.6,4159,,Negative,,10M,2024-10-22 02:44:00
"Êº´Âíñ Comics - Manga,Novel and Stories",,,,,1000000,0,0,COMICS,,4.3,20815,,Neutral,,22M,2024-10-22 20:25:00
Emmanuella Funny Videos 2018,,,,,100000,0,0,COMICS,,4.5,78662,,Positive,,11M,2024-10-22 17:49:00
DC Comics,,,,,1000000,0,0,COMICS,,4.1,7149,,Neutral,,8.5M,2024-10-22 07:15:00
Manga Zero - Japanese cartoon and comic reader,,,,,1000000,0,0,COMICS,,4.5,3079,,Positive,,8.6M,2024-10-22 13:57:00
Marvel Unlimited,,,,,1000000,0,0,COMICS,,4.6,5800,,Negative,,20M,2024-10-22 22:19:00
"Tapas ‚Äì Comics, Novels, and Stories",,,,,1000000,0,0,COMICS,,4,6989,,Positive,,28M,2024-10-22 01:38:00
Children's cartoons (Mithu-Mina-Raju),,,,,100000,0,0,COMICS,,4.2,16422,,Positive,,20M,2024-10-22 19:31:00
Narrator's Voice,,,,,5000000,0,0,COMICS,,4.3,8978,,Positive,,20M,2024-10-22 13:02:00
„ÄêRanobbe complete free„Äë Novelba - Free app that you can read and write novels,,,,,50000,0,0,COMICS,,4.2,80804,,Positive,,20M,2024-10-22 18:06:00
Faustop Sounds,,,,,100000,0,0,COMICS,,4.4,42492,,Positive,,39M,2024-10-22 07:24:00
Manga Mania - Best online manga reader,,,,,10000,0,0,COMICS,,4.7,286897,,Positive,,14M,2024-10-22 01:00:00
#NAME?,,,,,10000,0,0,COMICS,,4.5,103755,,Positive,,19M,2024-10-22 10:51:00
Manga AZ - Manga Comic Reader,,,,,5000,0,0,COMICS,,4.2,46505,,Positive,,6.8M,2024-10-22 07:12:00
Buff Thun - Daily Free Webtoon / Comics / Web Fiction / Mini Game,,,,,500000,0,0,COMICS,,4.7,11442,,Neutral,,39M,2024-10-22 04:04:00
pixiv comic - everyone's manga app,,,,,1000000,0,0,COMICS,,4.8,10295,,Positive,,20M,2024-10-22 12:39:00
Funny Jokes and Stories 2018,,,,,5000,0,0,COMICS,,4.1,217730,,Positive,,35M,2024-10-22 05:34:00
Hojiboy Tojiboyev Life Hacks,,,,,1000,0,0,COMICS,,4.3,1002859,,Positive,,20M,2024-10-22 09:55:00
Perfect Viewer,,,,,5000000,0,0,COMICS,,4.4,51510,,Positive,,29M,2024-10-22 09:34:00
"Best Wallpapers Backgrounds(100,000+ 4K HD)",,,,,10000,0,0,COMICS,,4.5,413,,Neutral,,41M,2024-10-22 17:45:00
think Comics,,,,,50000,0,0,COMICS,,4.3,23175,,Positive,,20M,2024-10-22 19:34:00
Memes Button,,,,,1000000,0,0,COMICS,,4.5,1013635,,Positive,,4.9M,2024-10-22 11:51:00
"Laftel - Watching and Announcing Snooping, Streaming",,,,,100000,0,0,COMICS,,4.6,24005,,Positive,,27M,2024-10-22 22:47:00
Messenger ‚Äì Text and Video Chat for Free,,,,,1000000000,0,0,COMMUNICATION,,4.7,57106,,Positive,,32M,2024-10-22 20:42:00
WhatsApp Messenger,,,,,1000000000,0,0,COMMUNICATION,,4.7,2249,,Negative,,12M,2024-10-22 23:58:00
Messenger for SMS,,,,,10000000,0,0,COMMUNICATION,,4.8,516,,Positive,,15M,2024-10-22 17:26:00
Google Chrome: Fast & Secure,,,,,1000000000,0,0,COMMUNICATION,,3.9,834,,Neutral,,11M,2024-10-22 04:51:00
Messenger Lite: Free Calls & Messages,,,,,100000000,0,0,COMMUNICATION,,4.1,1010,,Positive,,28M,2024-10-22 11:38:00
Gmail,,,,,1000000000,0,0,COMMUNICATION,,4.4,238970,,Positive,,2.2M,2024-10-22 16:51:00
Hangouts,,,,,1000000000,0,0,COMMUNICATION,,4.6,302,,Positive,,3.4M,2024-10-22 10:09:00
Viber Messenger,,,,,500000000,0,0,COMMUNICATION,,4.5,438,,Neutral,,8.3M,2024-10-22 02:40:00
My Tele2,,,,,5000000,0,0,COMMUNICATION,,4.7,73,,Positive,,4.3M,2024-10-22 22:47:00
Firefox Browser fast & private,,,,,100000000,0,0,COMMUNICATION,,4.4,39,,Positive,,4.7M,2024-10-22 18:02:00
Yahoo Mail ‚Äì Stay Organized,,,,,100000000,0,0,COMMUNICATION,,4.5,144,,Negative,,10M,2024-10-22 12:08:00
imo beta free calls and text,,,,,100000000,0,0,COMMUNICATION,,3.9,2181,,Positive,,15M,2024-10-22 20:57:00
imo free video calls and chat,,,,,500000000,0,0,COMMUNICATION,,3.2,93965,,Positive,,7.1M,2024-10-22 06:07:00
Contacts,,,,,50000000,0,0,COMMUNICATION,,3.2,1446,,Positive,,21M,2024-10-22 11:59:00
Call Free ‚Äì Free Call,,,,,5000000,0,0,COMMUNICATION,,4.1,12088,,Positive,,6.1M,2024-10-22 15:15:00
Web Browser & Explorer,,,,,5000000,100,90,COMMUNICATION,,4.5,314,,Neutral,,20M,2024-10-22 00:20:00
Opera Mini - fast web browser,,,,,100000000,101,91,COMMUNICATION,,4.2,25671,,Positive,,15M,2024-10-22 23:24:00
Browser 4G,,,,,10000000,102,92,COMMUNICATION,,4.2,15194,,Positive,,11M,2024-10-22 00:24:00
MegaFon Dashboard,,,,,10000000,103,93,COMMUNICATION,,3.7,22551,,Positive,,29M,2024-10-22 18:24:00
ZenUI Dialer & Contacts,,,,,10000000,104,94,COMMUNICATION,,4.5,29839,,Positive,,3.3M,2024-10-22 17:09:00
Cricket Visual Voicemail,,,,,10000000,105,95,COMMUNICATION,,4.6,279,,Positive,,20M,2024-10-22 11:07:00
Opera Browser: Fast and Secure,,,,,100000000,106,96,COMMUNICATION,,4.5,564387,,Positive,,22M,2024-10-22 13:34:00
TracFone My Account,,,,,1000000,107,97,COMMUNICATION,,NaN,1330,,Negative,,40M,2024-10-22 06:54:00
Firefox Focus: The privacy browser,,,,,1000000,108,98,COMMUNICATION,,4.7,1677,,Positive,,10M,2024-10-22 16:58:00
Google Voice,,,,,10000000,109,99,COMMUNICATION,,4.4,757,,Positive,,9.1M,2024-10-22 06:34:00
Chrome Dev,,,,,5000000,110,100,COMMUNICATION,,3.5,115,,Positive,,4.7M,2024-10-22 18:08:00
Xperia Link‚Ñ¢,,,,,10000000,111,101,COMMUNICATION,,3.3,125,,Positive,,38M,2024-10-22 22:38:00
TouchPal Keyboard - Fun Emoji & Android Keyboard,,,,,10000000,112,102,COMMUNICATION,,4.5,9952,,Positive,,20M,2024-10-22 10:21:00
Who,,,,,100000000,113,103,COMMUNICATION,,4.4,18814,,Positive,,6.7M,2024-10-22 17:02:00
Skype Lite - Free Video Call & Chat,,,,,5000000,114,104,COMMUNICATION,,4.2,21,,Positive,,37M,2024-10-22 16:16:00
WeChat,,,,,100000000,115,105,COMMUNICATION,,5,15,,Positive,,20M,2024-10-22 21:58:00
UC Browser Mini -Tiny Fast Private & Secure,,,,,100000000,116,106,COMMUNICATION,,4.4,51981,,Neutral,,7.8M,2024-10-22 22:12:00
WhatsApp Business,,,,,10000000,117,107,COMMUNICATION,,4.7,3596,,Positive,,19M,2024-10-22 05:59:00
My magenta,,,,,1000000,118,108,COMMUNICATION,,4.4,1006,,Positive,,5.7M,2024-10-22 19:30:00
Android Messages,,,,,100000000,119,109,COMMUNICATION,,4.4,5968,,Positive,,35M,2024-10-22 02:19:00
Telegram,,,,,100000000,120,110,COMMUNICATION,,4.6,4895,,Positive,,20M,2024-10-22 18:44:00
Google Duo - High Quality Video Calls,,,,,500000000,121,111,COMMUNICATION,,4,56642847,,Neutral,,20M,2024-10-22 22:23:00
Puffin Web Browser,,,,,10000000,122,112,COMMUNICATION,,4.4,69119316,,Positive,,17M,2024-10-22 04:33:00
Seznam.cz,,,,,1000000,123,113,COMMUNICATION,,4.3,125257,,Positive,,20M,2024-10-22 18:02:00
Antillean Gold Telegram (original version),,,,,100000,124,114,COMMUNICATION,,4.3,9642995,,Positive,,20M,2024-10-22 01:53:00
AT&T Visual Voicemail,,,,,10000000,125,115,COMMUNICATION,,4.4,1429035,,Positive,,20M,2024-10-22 00:49:00
GMX Mail,,,,,10000000,126,116,COMMUNICATION,,4.3,4604324,,Negative,,20M,2024-10-22 16:44:00
Omlet Chat,,,,,10000000,127,117,COMMUNICATION,,4,3419249,,Positive,,20M,2024-10-22 11:27:00
UC Browser - Fast Download Private & Secure,,,,,500000000,128,118,COMMUNICATION,,4.3,11334799,,Neutral,,8.8M,2024-10-22 03:04:00
My Vodacom SA,,,,,5000000,129,119,COMMUNICATION,,4.3,158679,,Positive,,20M,2024-10-22 20:28:00
Microsoft Edge,,,,,5000000,130,120,COMMUNICATION,,4.4,3075028,,Positive,,16M,2024-10-22 00:24:00
Hangouts Dialer - Call Phones,,,,,10000000,131,121,COMMUNICATION,,4.3,4187998,,Positive,,11M,2024-10-22 05:44:00
"Talkatone: Free Texts, Calls & Phone Number",,,,,10000000,132,122,COMMUNICATION,,4.3,659395,,Neutral,,11M,2024-10-22 04:53:00
Calls & Text by Mo+,,,,,5000000,133,123,COMMUNICATION,,4.3,4785892,,Positive,,20M,2024-10-22 20:24:00
free video calls and chat,,,,,50000000,134,124,COMMUNICATION,,4.3,66602,,Positive,,15M,2024-10-22 06:11:00
Skype - free IM & video calls,,,,,1000000000,135,125,COMMUNICATION,,4.3,30209,,Negative,,6.6M,2024-10-22 10:34:00
"GO SMS Pro - Messenger, Free Themes, Emoji",,,,,100000000,136,126,COMMUNICATION,,4,36901,,Positive,,20M,2024-10-22 05:18:00
"Messaging+ SMS, MMS Free",,,,,1000000,137,127,COMMUNICATION,,4.5,5149854,,Positive,,6.6M,2024-10-22 12:32:00
chomp SMS,,,,,10000000,138,128,COMMUNICATION,,4.3,192948,,Positive,,20M,2024-10-22 19:16:00
Glide - Video Chat Messenger,,,,,10000000,139,129,COMMUNICATION,,3.7,99559,,Positive,,20M,2024-10-22 12:47:00
Text SMS,,,,,10000000,140,130,COMMUNICATION,,4.5,437674,,Neutral,,5.1M,2024-10-22 04:18:00
Google Allo,,,,,10000000,141,131,COMMUNICATION,,3.9,13698,,Positive,,20M,2024-10-22 15:20:00
Talkray - Free Calls & Texts,,,,,10000000,142,132,COMMUNICATION,,4.4,2473509,,Positive,,18M,2024-10-22 06:26:00
LINE: Free Calls & Messages,,,,,500000000,143,133,COMMUNICATION,,3.6,20769,,Positive,,4.0M,2024-10-22 18:01:00
GroupMe,,,,,10000000,144,134,COMMUNICATION,,4.4,36880,,Positive,,20M,2024-10-22 08:26:00
mysms SMS Text Messaging Sync,,,,,1000000,145,135,COMMUNICATION,,4.2,171031,,Positive,,20M,2024-10-22 22:47:00
BBM - Free Calls & Messages,,,,,100000000,146,136,COMMUNICATION,,4.4,63543,,Negative,,20M,2024-10-22 13:46:00
KakaoTalk: Free Calls & Text,,,,,100000000,147,137,COMMUNICATION,,4.1,45487,,Positive,,37M,2024-10-22 02:37:00
2ndLine - Second Phone Number,,,,,1000000,148,138,COMMUNICATION,,4.4,615381,,nan,,20M,2024-10-22 09:02:00
"CM Browser - Ad Blocker , Fast Download , Privacy",,,,,50000000,149,139,COMMUNICATION,,4.3,2451083,,Positive,,22M,2024-10-22 05:39:00
Ninesky Browser,,,,,1000000,150,140,COMMUNICATION,,4.2,33053,,Positive,,20M,2024-10-22 23:20:00
"Dolphin Browser - Fast, Private & Adblocküê¨",,,,,50000000,151,141,COMMUNICATION,,4.2,5387333,,Positive,,3.3M,2024-10-22 00:29:00
Ghostery Privacy Browser,,,,,1000000,152,142,COMMUNICATION,,4.4,3648120,,Negative,,32M,2024-10-22 18:42:00
InBrowser - Incognito Browsing,,,,,1000000,153,143,COMMUNICATION,,4.4,136662,,Negative,,37M,2024-10-22 09:15:00
Web Browser for Android,,,,,1000000,154,144,COMMUNICATION,,3.9,42370,,nan,,20M,2024-10-22 02:09:00
DU Browser‚ÄîBrowse fast & fun,,,,,10000000,155,145,COMMUNICATION,,4.2,781810,,Negative,,20M,2024-10-22 14:20:00
Lightning Web Browser,,,,,500000,156,146,COMMUNICATION,,4.4,3128250,,Negative,,20M,2024-10-22 00:03:00
Web Browser,,,,,500000,157,147,COMMUNICATION,,4.6,2083237,,Positive,,20M,2024-10-22 10:20:00
Puffin Browser Pro,,,,,100000,158,148,COMMUNICATION,,4.3,541389,,Negative,,20M,2024-10-22 15:25:00
Contacts+,,,,,10000000,159,149,COMMUNICATION,,4.3,46702,,Positive,,17M,2024-10-22 05:27:00
ExDialer - Dialer & Contacts,,,,,10000000,160,150,COMMUNICATION,,4.4,2939,,Positive,,20M,2024-10-22 03:32:00
PHONE for Google Voice & GTalk,,,,,1000000,161,151,COMMUNICATION,,3.7,13761,,Positive,,20M,2024-10-22 06:22:00
Safest Call Blocker,,,,,1000000,162,152,COMMUNICATION,,4.3,258556,,Positive,,35M,2024-10-22 21:27:00
Full Screen Caller ID,,,,,5000000,163,153,COMMUNICATION,,3.9,40751,,Positive,,40M,2024-10-22 18:46:00
Hiya - Caller ID & Block,,,,,10000000,164,154,COMMUNICATION,,4.5,17712922,,Neutral,,61M,2024-10-22 22:25:00
Mr. Number-Block calls & spam,,,,,10000000,165,155,COMMUNICATION,,3.7,25021,,Negative,,66M,2024-10-22 04:32:00
Should I Answer?,,,,,1000000,166,156,COMMUNICATION,,4.3,27187,,Positive,,20M,2024-10-22 03:03:00
RocketDial Dialer & Contacts,,,,,1000000,167,157,COMMUNICATION,,4.4,69119316,,Positive,,20M,2024-10-22 10:18:00
"CallApp: Caller ID, Blocker & Phone Call Recorder",,,,,10000000,168,158,COMMUNICATION,,4,56646578,,Neutral,,11M,2024-10-22 09:47:00
Whoscall - Caller ID & Block,,,,,10000000,169,159,COMMUNICATION,,4.3,4785988,,Positive,,79k,2024-10-22 10:21:00
CIA - Caller ID & Call Blocker,,,,,5000000,170,160,COMMUNICATION,,4,122498,,Neutral,,20M,2024-10-22 02:50:00
Calls Blacklist - Call Blocker,,,,,10000000,171,161,COMMUNICATION,,4.3,11334973,,Positive,,20M,2024-10-22 05:01:00
Call Control - Call Blocker,,,,,5000000,172,162,COMMUNICATION,,4,3419433,,Positive,,25M,2024-10-22 22:58:00
True Contact - Real Caller ID,,,,,1000000,173,163,COMMUNICATION,,4.1,132014,,Positive,,14M,2024-10-22 07:28:00
Video Caller Id,,,,,1000000,174,164,COMMUNICATION,,4.2,83239,,Positive,,20M,2024-10-22 00:47:00
Sync.ME ‚Äì Caller ID & Block,,,,,5000000,175,165,COMMUNICATION,,4.2,594728,,Positive,,20M,2024-10-22 02:06:00
Burner - Free Phone Number,,,,,1000000,176,166,COMMUNICATION,,4.2,5387446,,Positive,,20M,2024-10-22 16:49:00
"Truecaller: Caller ID, SMS spam blocking & Dialer",,,,,100000000,177,167,COMMUNICATION,,4.1,10484169,,Positive,,20M,2024-10-22 17:07:00
Caller ID +,,,,,1000000,178,168,COMMUNICATION,,4.4,3128509,,Positive,,20M,2024-10-22 01:57:00
K-9 Mail,,,,,5000000,179,169,COMMUNICATION,,4.3,2451093,,Positive,,20M,2024-10-22 05:43:00
"myMail ‚Äì Email for Hotmail, Gmail and Outlook Mail",,,,,10000000,180,170,COMMUNICATION,,4.2,171031,,Positive,,24M,2024-10-22 18:22:00
Email TypeApp - Mail App,,,,,1000000,181,171,COMMUNICATION,,4.4,2876500,,Positive,,20M,2024-10-22 01:44:00
All Email Providers,,,,,1000000,182,172,COMMUNICATION,,4.2,781810,,Positive,,17M,2024-10-22 16:36:00
"Newton Mail - Email App for Gmail, Outlook, IMAP",,,,,1000000,183,173,COMMUNICATION,,4.1,28238,,Positive,,8.3M,2024-10-22 15:31:00
GO Notifier,,,,,10000000,184,174,COMMUNICATION,,4.3,335646,,Positive,,20M,2024-10-22 02:02:00
Mail.Ru - Email App,,,,,50000000,185,175,COMMUNICATION,,4.3,350154,,Negative,,8.2M,2024-10-22 13:28:00
Mail1Click - Secure Mail,,,,,10000,186,176,COMMUNICATION,,4.5,349384,,Positive,,20M,2024-10-22 16:32:00
Daum Mail - Next Mail,,,,,5000000,187,177,COMMUNICATION,,4.3,346982,,Positive,,20M,2024-10-22 20:26:00
mail.com mail,,,,,1000000,188,178,COMMUNICATION,,4.2,244863,,Positive,,20M,2024-10-22 04:24:00
SolMail - All-in-One email app,,,,,500000,189,179,COMMUNICATION,,4.2,10790289,,Neutral,,20M,2024-10-22 14:22:00
Vonage Mobile¬Æ Call Video Text,,,,,1000000,190,180,COMMUNICATION,,4.5,330761,,Neutral,,8.4M,2024-10-22 18:46:00
JusTalk - Free Video Calls and Fun Video Chat,,,,,5000000,191,181,COMMUNICATION,,4.3,37320,,nan,,20M,2024-10-22 01:31:00
"Moco+ - Chat, Meet People",,,,,10000,192,182,Games,,4.3,12842860,,Positive,,20M,2024-10-22 12:43:00
Calculator,,,,,1000,193,183,Games,,4.3,2546527,,nan,,4.0M,2024-10-22 05:59:00
Truth or Dare Pro,,,,,50,194,184,Games,,4.4,36893,,Positive,,32M,2024-10-22 09:59:00
"Private Dating, Hide App- Blue for PrivacyHider",,,,,100,195,185,Games,,4.2,15880,,nan,,20M,2024-10-22 13:33:00
Ad Blocker for SayHi,,,,,100,196,186,Games,,4.3,346980,,Neutral,,20M,2024-10-22 15:48:00
AMBW Dating App: Asian Men Black Women Interracial,,,,,100,197,187,Games,,4.3,9643041,,Positive,,20M,2024-10-22 00:50:00
Zoosk Dating App: Meet Singles,,,,,10000000,198,188,Games,,4.4,3075118,,Positive,,6.1M,2024-10-22 17:57:00
OkCupid Dating,,,,,10000000,199,189,Games,,4.6,2264916,,Positive,,20M,2024-10-22 16:10:00
Match‚Ñ¢ Dating - Meet Singles,,,,,10000000,200,190,Games,,4.3,541389,,nan,,20M,2024-10-22 08:28:00
"Hily: Dating, Chat, Match, Meet & Hook up",,,,,100000,201,191,Games,,4.4,2473693,,Positive,,2.8M,2024-10-22 07:51:00
Hinge: Dating & Relationships,,,,,500000,202,192,Games,,4.2,42925,,Positive,,20M,2024-10-22 08:06:00
Casual Dating & Adult Singles - Joyride,,,,,5000000,203,193,Games,,4.5,5150471,,Positive,,20M,2024-10-22 01:11:00
BBW Dating & Plus Size Chat,,,,,1000000,204,194,Games,,4.5,2511130,,nan,,3.3M,2024-10-22 08:59:00
"Moco - Chat, Meet People",,,,,10000000,205,195,Games,,4.4,3648480,,Neutral,,40M,2024-10-22 22:36:00
CMB Free Dating App,,,,,1000000,206,196,Games,,4.5,17714850,,Negative,,2.2M,2024-10-22 11:14:00
Hot or Not - Find someone right now,,,,,10000000,207,197,Games,,4.1,13100,,Neutral,,20M,2024-10-22 21:49:00
eharmony - Online Dating App,,,,,5000000,208,198,Games,,4.2,27156,,Positive,,4.3M,2024-10-22 08:54:00
Free Dating App & Flirt Chat - Match with Singles,,,,,5000000,209,199,Games,,4.1,55098,,Positive,,4.7M,2024-10-22 01:00:00
"Chispa, the Dating App for Latino, Latina Singles",,,,,100000,210,200,Games,,4.3,1133501,,Positive,,2.3M,2024-10-22 18:56:00
Clover Dating App,,,,,500000,211,201,Games,,4.1,12578,,Neutral,,2.3M,2024-10-22 12:51:00
Black People Meet Singles Date,,,,,1000000,212,202,Games,,4.2,10965,,nan,,20M,2024-10-22 20:19:00
Mingle2 - Free Online Dating & Singles Chat Rooms,,,,,1000000,213,203,Games,,4,18247,,nan,,11M,2024-10-22 13:20:00
Free Dating App & Flirt Chat - Cheers,,,,,10000,214,204,Games,,4.2,190613,,Positive,,2.7M,2024-10-22 21:04:00
stranger chat - anonymous chat,,,,,1000000,215,205,Games,,4.2,125232,,Positive,,14M,2024-10-22 19:43:00
"Blendr - Chat, Flirt & Meet",,,,,1000000,216,206,Games,,4.2,83239,,Positive,,20M,2024-10-22 21:58:00
Free Dating Hook Up Messenger,,,,,100000,217,207,Games,,4.3,11334973,,Positive,,13M,2024-10-22 04:10:00
Find Real Love ‚Äî YouLove Premium Dating,,,,,10000000,218,208,Games,,4.3,72065,,Positive,,3.7M,2024-10-22 04:14:00
Once - Quality Matches Every day,,,,,1000000,219,209,Games,,4.4,27540,,Positive,,10M,2024-10-22 11:30:00
BLK - Swipe. Match. Chat.,,,,,100000,220,210,Games,,4.2,104990,,Positive,,13M,2024-10-22 15:30:00
Cougar Dating Life : Date Older Women Sugar Mummy,,,,,500000,221,211,Games,,4.4,177703,,Positive,,10M,2024-10-22 01:56:00
Howlr,,,,,5000,222,212,Games,,4.1,17529,,Positive,,13M,2024-10-22 16:40:00
Stranger Chat & Date,,,,,500000,223,213,Games,,4.2,177263,,Positive,,8.8M,2024-10-22 10:00:00
Free Dating & Flirt Chat - Choice of Love,,,,,5000000,224,214,Games,,4.8,237468,,nan,,5.5M,2024-10-22 14:55:00
RandoChat - Chat roulette,,,,,1000000,225,215,Games,,4.4,32254,,Positive,,20M,2024-10-22 20:43:00
BeWild Free Dating & Chat App,,,,,100000,226,216,Games,,4.4,483565,,Negative,,29M,2024-10-22 15:25:00
"FastMeet: Chat, Dating, Love",,,,,1000000,227,217,Games,,4.4,552441,,Negative,,20M,2024-10-22 00:51:00
"Free Dating App - YoCutie - Flirt, Chat & Meet",,,,,1000000,228,218,Games,,4,60308,,Positive,,20M,2024-10-22 19:29:00
OurTime Dating for Singles 50+,,,,,100000,229,219,Games,,4.5,457283,,Positive,,11M,2024-10-22 02:52:00
FarmersOnly Dating,,,,,100000,230,220,Games,,4.4,93825,,Negative,,20M,2024-10-22 20:23:00
Dating for 50 plus Mature Singles ‚Äì FINALLY,,,,,500000,231,221,Games,,4.1,32283,,Positive,,17M,2024-10-22 01:03:00
Sudy ‚Äì Meet Elite & Rich Single,,,,,500000,232,222,Games,,4.2,15287,,Positive,,17M,2024-10-22 09:59:00
Christian Dating For Free App,,,,,500000,233,223,Games,,4.5,205739,,Neutral,,20M,2024-10-22 07:42:00
Just She - Top Lesbian Dating,,,,,100000,234,224,Games,,4.3,14873,,Positive,,20M,2024-10-22 22:25:00
Single Parent Meet #1 Dating,,,,,500000,235,225,Games,,4.5,7820209,,Positive,,118k,2024-10-22 20:23:00
EliteSingles ‚Äì Dating for Single Professionals,,,,,500000,236,226,Games,,4,9498,,Positive,,20M,2024-10-22 00:03:00
Millionaire Match: Rich Singles Dating App,,,,,100000,237,227,Games,,4.3,4604483,,Positive,,16M,2024-10-22 13:48:00
InterracialCupid - Interracial Dating App,,,,,50000,238,228,Games,,4.3,4188142,,Positive,,5.1M,2024-10-22 20:37:00
Sugar Mommas Dating And Single Search,,,,,1000000,239,229,Games,,4.2,88427,,Positive,,20M,2024-10-22 04:58:00
"Hide App, Private Dating, Safe Chat - PrivacyHider",,,,,1000000,240,230,Games,,4.5,305218,,Negative,,44M,2024-10-22 05:17:00
"muzmatch: Muslim & Arab Singles, Marriage & Dating",,,,,100000,241,231,Games,,4.6,183374,,Positive,,7.3M,2024-10-22 16:50:00
NoBuffDating - Free Dating App,,,,,100000,242,232,Games,,4.1,20901,,Positive,,30M,2024-10-22 18:44:00
Sugar Daddy Dating App,,,,,100000,243,233,Games,,4,122595,,Positive,,695k,2024-10-22 01:59:00
Adult Dirty Emojis,,,,,10000,244,234,Games,,4.2,124346,,Negative,,20M,2024-10-22 23:53:00
Free Dating App - Meet Local Singles - Flirt Chat,,,,,100000,245,235,Games,,4.6,837842,,Positive,,1.6M,2024-10-22 04:12:00
"Meet4U - Chat, Love, Singles!",,,,,1000000,246,236,Games,,4.1,255,,Positive,,19M,2024-10-22 14:39:00
SnpCupid Dating,,,,,100000,247,237,Games,,4.3,41420,,Positive,,20M,2024-10-22 10:56:00
"Chat Rooms, Avatars, Date - Galaxy",,,,,10000000,248,238,Games,,4.2,44706,,Positive,,20M,2024-10-22 18:14:00
Adult Dating - AdultFinder,,,,,500000,249,239,Games,,4.3,23707,,Positive,,20M,2024-10-22 23:23:00
Gay Sugar Daddy Dating & Hookup ‚Äì Sudy Gay,,,,,100000,250,240,Games,,4,3419513,,Positive,,11M,2024-10-22 11:49:00
"Meet24 - Love, Chat, Singles",,,,,1000000,251,241,Games,,4.3,4785988,,Positive,,20M,2024-10-22 15:28:00
BBWCupid - BBW Dating App,,,,,50000,252,242,Games,,4.2,594728,,Positive,,20M,2024-10-22 09:44:00
ChatVideo Meet new people,,,,,5000000,253,243,Games,,4.3,11335255,,Positive,,20M,2024-10-22 13:10:00
"TryDate - Free Online Dating App, Chat Meet Adults",,,,,500000,254,244,Games,,4.1,10484169,,Positive,,20M,2024-10-22 06:42:00
Black White Interracial Dating - Interracial Match,,,,,100000,255,245,Games,,4.2,5387446,,Positive,,23M,2024-10-22 08:52:00
"USA Singles Meet, Match and Date Free - Date",,,,,100000,256,246,Games,,4.1,29208,,Positive,,26M,2024-10-22 02:15:00
FlirtChat - ‚ô•Free Dating/Flirting App‚ô•,,,,,500000,257,247,Games,,4.6,191032,,Positive,,20M,2024-10-22 02:07:00
The League,,,,,100000,258,248,Games,,4.3,350154,,Positive,,20M,2024-10-22 12:38:00
"Herpes Dating: 1,000K+ Singles",,,,,10000,259,249,Games,,4.2,244863,,Positive,,20M,2024-10-22 01:19:00
Heart mill,,,,,100000,260,250,Games,,4.2,10790289,,Positive,,20M,2024-10-22 20:35:00
95Live -SG#1 Live Streaming App,,,,,1000000,261,251,Games,,4.3,2546527,,Positive,,20M,2024-10-22 23:58:00
Mutual - LDS Dating,,,,,50000,262,252,Games,,4.2,1545,,Positive,,6.2M,2024-10-22 16:25:00
2RedBeans,,,,,10000,263,253,Games,,2.6,57,,Positive,,20M,2024-10-22 00:58:00
"SweetRing - Meet, Match, Date",,,,,1000000,264,254,Games,,NaN,0,,Positive,,18k,2024-10-22 04:35:00
"BiggerCity: Chat for gay bears, chubs & chasers",,,,,100000,265,255,Games,,NaN,0,,Positive,,1.2M,2024-10-22 23:33:00
SilverSingles: The 50+ Dating App,,,,,10000,266,256,Games,,NaN,4,,Negative,,17M,2024-10-22 20:12:00
Herpes Positive Singles Dating,,,,,10000,267,257,Games,,3.5,2,,Negative,,20M,2024-10-22 10:56:00
Glam - Premium Dating App,,,,,500000,268,258,Games,,4,516801,,Positive,,15M,2024-10-22 03:26:00
"iDates - Chats, Flirts, Dating, Love & Relations",,,,,500000,269,259,Games,,4.1,285726,,Positive,,20M,2024-10-22 08:11:00
JustDating,,,,,500000,270,260,Games,,3.7,76646,,Negative,,56M,2024-10-22 14:36:00
Interracial Match Dating App,,,,,10000,271,261,Games,,4.1,2556,,Positive,,12M,2024-10-22 11:24:00
Russian Dating & Chat for Russian speaking RusDate,,,,,100000,272,262,Games,,4.2,7779,,Positive,,11M,2024-10-22 19:12:00
Sky People (SPI): A secure blind date through authentication by Seoul National University,,,,,100000,273,263,Games,,4.5,61637,,Neutral,,29M,2024-10-22 18:23:00
Sweet mi - unlimited hunnam hunting blind date,,,,,500000,274,264,Games,,4.4,12632,,Positive,,20M,2024-10-22 02:29:00
Mingle - Online Dating App to Chat & Meet People,,,,,1000000,275,265,Games,,4.2,313724,,Positive,,40M,2024-10-22 05:51:00
BBW Dating & Curvy Singles Chat- LargeFriends,,,,,10000,276,266,Games,,4,48845,,Positive,,20M,2024-10-22 09:04:00
Hitwe - meet people and chat,,,,,10000000,277,267,Games,,4.1,305708,,Positive,,53M,2024-10-22 08:26:00
A hundred,,,,,10000,278,268,Games,,3.1,31320,,Positive,,3.1M,2024-10-22 12:17:00
JustSayHi- Dating App. Chat & Meet Singles Nearby,,,,,100000,279,269,Games,,4.4,172460,,Positive,,24M,2024-10-22 13:52:00
FERZU - Furries Social Network,,,,,10000,280,270,Games,,4.2,4195,,Negative,,23M,2024-10-22 13:00:00
WannaMeet ‚Äì Dating & Chat App,,,,,1000000,281,271,Games,,4.1,11633,,Positive,,5.0M,2024-10-22 13:12:00
Luxy Pro- Elite Dating Single,,,,,50000,282,272,Games,,3.9,10212,,Positive,,44M,2024-10-22 08:10:00
Dating Network,,,,,10000,283,273,Games,,4.3,37053,,Positive,,27M,2024-10-22 05:41:00
"Chatting - Free chat, random chat, boyfriend, girlfriend",,,,,500000,284,274,Games,,4.4,667,,Negative,,6.1M,2024-10-22 11:35:00
"iPair-Meet, Chat, Dating",,,,,5000000,285,275,Games,,3.5,13202,,Positive,,20M,2024-10-22 19:50:00
"Meet, chat & date. Free dating app - Chocolate app",,,,,1000000,286,276,Games,,4,28671,,Positive,,21M,2024-10-22 14:38:00
Transenger ‚Äì Ts Dating and Chat for Free,,,,,1000,287,277,Games,,3.3,1157,,Positive,,11M,2024-10-22 22:56:00
O-Star,,,,,5000,288,278,Games,,4.5,212626,,Positive,,21M,2024-10-22 15:43:00
Free Cam Girls - Live Webcam,,,,,1000,289,279,Games,,4.4,222888,,Positive,,24M,2024-10-22 03:18:00
Cardi B Live Stream Video Chat - Prank,,,,,500,290,280,Games,,4.1,2067,,Positive,,31M,2024-10-22 07:36:00
Live Girls Talk - Free Video Chat,,,,,5000,291,281,Games,,3.9,1643,,Positive,,27M,2024-10-22 11:45:00
Live Talk - Free Text and Video Chat,,,,,10000,292,282,Games,,3.9,105,,Positive,,6.2M,2024-10-22 22:34:00
Chat Kids - Chat Room For Kids,,,,,100,293,283,Games,,3.6,3414,,Positive,,20M,2024-10-22 04:18:00
Girls Live Chat - Free Text & Video Chat,,,,,10000,294,284,Games,,4,42194,,Positive,,12M,2024-10-22 06:42:00
Random Video Chat,,,,,1000,295,285,Games,,3.6,11806,,Positive,,8.0M,2024-10-22 01:44:00
MouseMingle,,,,,100,296,286,Games,,3.4,1999,,Positive,,5.9M,2024-10-22 21:59:00
American Girls Mobile Numbers,,,,,1000,297,287,Games,,4.2,22544,,Positive,,7.9M,2024-10-22 21:18:00
Random Video Chat App With Strangers,,,,,1000,298,288,Games,,4.1,97684,,Positive,,5.0M,2024-10-22 08:37:00
FREE VIDEO CHAT - LIVE VIDEO AND TEXT CHAT,,,,,1000,299,289,Games,,3.4,2519,,Positive,,1.4M,2024-10-22 10:53:00
Awake Dating,,,,,100,300,290,Games,,3,1146,,Positive,,13M,2024-10-22 14:31:00
Live Chat - Free Video Chat Rooms,,,,,500,301,291,Games,,4.6,13046,,Positive,,40M,2024-10-22 06:45:00
Meet With Strangers: Video Chat & Dating,,,,,500,302,292,Games,,4.1,17268,,Positive,,13M,2024-10-22 14:38:00
FREE LIVE TALK,,,,,5000,303,293,Games,,3.9,8722,,Positive,,19M,2024-10-22 01:33:00
Random Chat App with Strangers,,,,,100,304,294,Games,,1.9,953,,Positive,,5.0M,2024-10-22 06:58:00
Ost. Zombies Cast - New Music and Lyrics,,,,,100,305,295,Games,,3.5,2593,,Positive,,19M,2024-10-22 19:02:00
Dating White Girls,,,,,50,306,296,Games,,2.5,5377,,Positive,,27M,2024-10-22 10:51:00
Live Chat - Free Video Talk,,,,,5000,307,297,Games,,3.9,852,,Positive,,3.0M,2024-10-22 10:00:00
Geeks Dating,,,,,50,308,298,Games,,3.4,212,,Positive,,13M,2024-10-22 15:25:00
Live chat - free video chat,,,,,500,309,299,Games,,3.5,1972,,Negative,,7.2M,2024-10-22 07:49:00
House party - live chat,,,,,10,310,300,Games,,4.4,35206,,Positive,,25M,2024-10-22 19:29:00
Fishing Brain & Boating Maps Marine,,,,,500,311,301,Games,,3.8,5164,,Positive,,20M,2024-10-22 08:33:00
CAM5678 Video Chat,,,,,500,312,302,Games,,4.2,1939,,Positive,,5.7M,2024-10-22 06:54:00
Video chat live advices,,,,,100,313,303,Games,,2.5,277,,Positive,,5.5M,2024-10-22 14:16:00
chat live chat,,,,,1000,314,304,Games,,2.8,80,,Positive,,20M,2024-10-22 07:11:00
Pet Lovers Dating,,,,,10,315,305,Games,,4.1,825,,Positive,,6.5M,2024-10-22 05:41:00
Friend Find: free chat + flirt dating app,,,,,100,316,306,Games,,4.2,40035,,Positive,,5.8M,2024-10-22 18:40:00
Latin Dating,,,,,10,317,307,Games,,3.5,1093,,Positive,,20M,2024-10-22 06:07:00
Spine- The dating app,,,,,500,318,308,Games,,4.3,135418,,Negative,,3.8M,2024-10-22 10:41:00
Online Chat Girls Meet,,,,,500,319,309,Games,,3.3,1601,,Negative,,41M,2024-10-22 16:59:00
Wifi Mingle,,,,,10,320,310,Games,,4.1,2212,,Negative,,7.9M,2024-10-22 13:52:00
Girls Live Talk - Free Text and Video Chat,,,,,100,321,311,Games,,4.2,57081,,Positive,,2.8M,2024-10-22 16:35:00
Soy Luna - Top Music And Lyrics,,,,,100,322,312,Games,,3.5,241,,Positive,,20M,2024-10-22 15:29:00
When Will You Get Married,,,,,10,323,313,Games,,4.2,63986,,Neutral,,15M,2024-10-22 14:12:00
HOW TO ASK A GIRL OUT,,,,,10,324,314,Games,,4.4,7888,,Neutral,,28M,2024-10-22 06:19:00
Online Girls Chat Group,,,,,100,325,315,Games,,4.1,535,,nan,,9.6M,2024-10-22 11:23:00
The DJ - Match with People,,,,,50,326,316,Games,,4.2,5084,,Positive,,13M,2024-10-22 21:52:00
Toronto Dating,,,,,100,327,317,Games,,4.3,2430,,Positive,,15M,2024-10-22 02:57:00
i miss you quotes and photos,,,,,100,328,318,Games,,4.1,285726,,Positive,,40M,2024-10-22 05:43:00
JoJo Siwa Top Hits Music,,,,,10,329,319,Games,,4,48845,,Positive,,56M,2024-10-22 20:01:00
UK Girls Mobile Numbers,,,,,500,330,320,Games,,4.1,2556,,Positive,,12M,2024-10-22 12:20:00
chat saudi arabia,,,,,1000,331,321,Games,,4.2,7779,,Neutral,,9.4M,2024-10-22 00:06:00
Chat Click - Dating Search,,,,,500,332,322,Games,,3,837,,Positive,,29M,2024-10-22 23:25:00
Iraq love chat,,,,,50,333,323,Games,,4.4,12632,,Negative,,11M,2024-10-22 02:20:00
Healthy Relationships Guide,,,,,1,334,324,Games,,4.5,61637,,Positive,,19M,2024-10-22 07:03:00
following,,,,,10,335,325,Games,,2.5,5377,,Negative,,23M,2024-10-22 19:54:00
Gods by Night,,,,,1000,336,326,Games,,4.1,11633,,Neutral,,20M,2024-10-22 08:12:00
PlusOne,,,,,1,337,327,Games,,4.2,313724,,Negative,,27M,2024-10-22 10:19:00
Love Calendar - Couple Sharing Calendar & CoupleDay,,,,,50,338,328,Games,,4,738,,Positive,,20M,2024-10-22 20:32:00
Speeding Joyride & Car Meet App,,,,,100,339,329,Games,,4.1,305708,,Positive,,19M,2024-10-22 21:02:00
LOBSTR - go on a lunch date,,,,,10000,340,330,Games,,1.9,953,,Positive,,45M,2024-10-22 23:47:00
Titanic App - Feminist Dating Application,,,,,500,341,331,Games,,3.3,4631,,Positive,,21M,2024-10-22 16:06:00
French Chat Room,,,,,1000,342,332,Games,,4.4,222888,,Neutral,,40M,2024-10-22 19:18:00
Soul Mate,,,,,10,343,333,Games,,4.1,17268,,Positive,,25M,2024-10-22 20:20:00
Diamond Engagement Rings,,,,,5,344,334,Games,,3.8,5164,,nan,,15M,2024-10-22 10:00:00
Dating Tips For Men,,,,,10,345,335,Games,,4.1,4953,,Positive,,24M,2024-10-22 01:48:00
Halalguur,,,,,100,346,336,Games,,4.2,4195,,Positive,,20M,2024-10-22 07:56:00
Find Lover,,,,,1000,347,337,Games,,4,28671,,Positive,,11M,2024-10-22 18:30:00
"2Date Dating App, Love and matching",,,,,500000,348,338,Games,,4.5,212626,,Positive,,38M,2024-10-22 08:04:00
Teenage Chat & Dating,,,,,500,349,339,Games,,3.7,1439,,Positive,,31M,2024-10-22 03:50:00
Girls Online Talk - Free Text and Video Chat,,,,,10000,350,340,Games,,3.9,1645,,Positive,,6.1M,2024-10-22 08:11:00
Online Girls Chat,,,,,50000,351,341,Games,,3.5,13204,,Positive,,27M,2024-10-22 19:23:00
LIVE VIDEO TALK,,,,,10000,352,342,Games,,3.9,853,,Neutral,,32M,2024-10-22 17:43:00
SkyLove ‚Äì Dating and chat,,,,,5000,353,343,Games,,4,337,,Neutral,,13M,2024-10-22 05:34:00
Free Live Talk-Video Call,,,,,10000,354,344,Games,,4.6,13049,,Negative,,63M,2024-10-22 21:53:00
FindLoving,,,,,1000,355,345,Games,,4,51698,,Neutral,,44M,2024-10-22 23:58:00
Sugar Daddies Dating App,,,,,10000,356,346,Games,,4.1,923,,Neutral,,20M,2024-10-22 06:45:00
"Chat Mexico: meet people, flirt and friendship",,,,,5000,357,347,Games,,4.2,1546,,Negative,,16M,2024-10-22 14:09:00
Duolingo: Learn Languages Free,,,,,100000000,358,348,EDUCATION,,3.3,149,,Neutral,,28M,2024-10-22 23:17:00
TED,,,,,10000000,359,349,EDUCATION,,4.4,198,,Positive,,20M,2024-10-22 09:34:00
English Communication - Learn English for Chinese (Learn English for Chinese),,,,,100000,360,350,EDUCATION,,4.3,135420,,Positive,,5.9M,2024-10-22 06:56:00
Khan Academy,,,,,5000000,361,351,EDUCATION,,4.2,22545,,Neutral,,13M,2024-10-22 09:37:00
Learn English with Wlingua,,,,,10000000,362,352,EDUCATION,,3.9,8723,,Neutral,,9.0M,2024-10-22 12:59:00
Ai La Trieu Phu - ALTP Free,,,,,100000,363,353,EDUCATION,,4.3,23170,,Negative,,20M,2024-10-22 21:33:00
Princess Coloring Book,,,,,5000000,364,354,EDUCATION,,3.4,13890,,Positive,,7.9M,2024-10-22 23:01:00
Learn Spanish - Espa√±ol,,,,,1000000,365,355,EDUCATION,,4.2,57083,,Positive,,28M,2024-10-22 06:01:00
English Grammar Test,,,,,500000,366,356,EDUCATION,,4.1,537,,Positive,,49M,2024-10-22 09:25:00
Speed Reading,,,,,500000,367,357,EDUCATION,,4,13440,,Positive,,27M,2024-10-22 17:50:00
English for beginners,,,,,1000000,368,358,EDUCATION,,3.6,143,,Positive,,18M,2024-10-22 09:02:00
Flame - ÿØÿ±ÿ® ÿπŸÇŸÑŸÉ ŸäŸàŸÖŸäÿß,,,,,1000000,369,359,EDUCATION,,4.2,1059,,Negative,,14M,2024-10-22 15:14:00
Mermaids,,,,,5000000,370,360,EDUCATION,,3.5,894,,Neutral,,27M,2024-10-22 15:49:00
"Learn Japanese, Korean, Chinese Offline & Free",,,,,1000000,371,361,EDUCATION,,4,6191,,Positive,,41M,2024-10-22 16:58:00
Kids Mode,,,,,500000,372,362,EDUCATION,,4.1,2212,,Negative,,38M,2024-10-22 02:57:00
PBS KIDS Video,,,,,5000000,373,363,EDUCATION,,4.1,15081,,Positive,,5.5M,2024-10-22 05:02:00
Dinosaurs Coloring Pages,,,,,500000,374,364,EDUCATION,,2.8,80,,Positive,,27M,2024-10-22 08:05:00
Cars Coloring Pages,,,,,1000000,375,365,EDUCATION,,4.4,218,,Negative,,7.2M,2024-10-22 19:31:00
Babbel ‚Äì Learn Languages,,,,,10000000,376,366,EDUCATION,,4.4,35205,,Positive,,21M,2024-10-22 16:41:00
Math Tricks,,,,,10000000,377,367,EDUCATION,,4.2,243950,,Positive,,8.8M,2024-10-22 14:23:00
Monster Truck Driver & Racing,,,,,1000000,378,368,EDUCATION,,4.1,236,,Positive,,38M,2024-10-22 10:16:00
Learn English Words Free,,,,,5000000,379,369,EDUCATION,,4.2,5152,,Positive,,20M,2024-10-22 23:47:00
Japanese / English one-shop search dictionary - Free Japanese - English - Japanese dictionary application,,,,,50000,380,370,EDUCATION,,3.9,1576,,Positive,,11M,2024-10-22 23:52:00
English speaking texts,,,,,1000000,381,371,EDUCATION,,4.1,6701,,Positive,,6.5M,2024-10-22 03:21:00
Thai Handwriting,,,,,1000000,382,372,EDUCATION,,4.2,40039,,Neutral,,26M,2024-10-22 17:19:00
THAI DICT 2018,,,,,1000000,383,373,EDUCATION,,3.9,742,,Neutral,,19M,2024-10-22 22:10:00
Kanji test ¬∑ Han search Kanji training (free version),,,,,1000000,384,374,EDUCATION,,4,187,,Positive,,6.1M,2024-10-22 13:49:00
Game for KIDS: KIDS match'em,,,,,1000000,385,375,EDUCATION,,4.2,2506,,Neutral,,77M,2024-10-22 20:14:00
Flippy Campus - Buy & sell on campus at a discount,,,,,500000,386,376,EDUCATION,,4.5,182986,,Neutral,,9.5M,2024-10-22 12:50:00
Free intellectual training game application |,,,,,1000000,387,377,EDUCATION,,3.9,8661,,Positive,,14M,2024-10-22 00:04:00
ABC Preschool Free,,,,,5000000,388,378,EDUCATION,,3.6,8,,Positive,,38M,2024-10-22 11:52:00
PINKFONG Baby Shark,,,,,1000000,389,379,EDUCATION,,4.4,59,,Positive,,16M,2024-10-22 04:57:00
English words application mikan,,,,,500000,390,380,EDUCATION,,3.5,35,,Positive,,3.4M,2024-10-22 01:24:00
Learn English for beginners,,,,,500000,391,381,EDUCATION,,4.4,28,,Positive,,4.7M,2024-10-22 19:00:00
Listen and learn English in seven days,,,,,100000,392,382,EDUCATION,,4.8,125,,Positive,,5.0M,2024-10-22 09:55:00
Lumosity: #1 Brain Games & Cognitive Training App,,,,,10000000,393,383,EDUCATION,,4.6,185,,Positive,,4.9M,2024-10-22 02:25:00
Learn English from Persian: Persian to English,,,,,100000,394,384,EDUCATION,,4.7,6,,Positive,,4.9M,2024-10-22 01:51:00
English with Lingualeo,,,,,5000000,395,385,EDUCATION,,4.8,110,,Positive,,16M,2024-10-22 02:48:00
"Learn languages, grammar & vocabulary with Memrise",,,,,10000000,396,386,EDUCATION,,NaN,3,,Positive,,3.9M,2024-10-22 06:07:00
Quizlet: Learn Languages & Vocab with Flashcards,,,,,10000000,397,387,EDUCATION,,2.7,3,,Positive,,4.4M,2024-10-22 10:12:00
Udemy - Online Courses,,,,,1000000,398,388,EDUCATION,,5,5,,Positive,,4.8M,2024-10-22 05:45:00
Coursera: Online courses,,,,,5000000,399,389,EDUCATION,,NaN,3,,Neutral,,4.5M,2024-10-22 12:57:00
"edX - Online Courses by Harvard, MIT & more",,,,,1000000,400,390,EDUCATION,,4.8,84,,Positive,,70M,2024-10-22 16:39:00
Elevate - Brain Training Games,,,,,5000000,401,391,EDUCATION,,5,2,,Positive,,4.9M,2024-10-22 08:27:00
NeuroNation - Focus and Brain Training,,,,,5000000,402,392,EDUCATION,,4.8,20,,Positive,,3.7M,2024-10-22 17:51:00
Peak ‚Äì Brain Games & Training,,,,,10000000,403,393,EDUCATION,,NaN,2,,Positive,,4.9M,2024-10-22 06:26:00
Memorado - Brain Games,,,,,1000000,404,394,EDUCATION,,4.9,776,,Positive,,16M,2024-10-22 07:40:00
Lynda - Online Training Videos,,,,,1000000,405,395,EDUCATION,,3,2,,Positive,,4.6M,2024-10-22 21:49:00
Brilliant,,,,,1000000,406,396,EDUCATION,,NaN,1,,Positive,,3.6M,2024-10-22 18:04:00
CppDroid - C/C++ IDE,,,,,1000000,407,397,EDUCATION,,NaN,0,,Neutral,,21M,2024-10-22 09:41:00
Quiz&Learn Python,,,,,10000,408,398,EDUCATION,,4.7,14,,Positive,,13M,2024-10-22 06:51:00
C++ Tutorials,,,,,50000,409,399,EDUCATION,,NaN,0,,Positive,,8.7M,2024-10-22 19:08:00
C++ Programming,,,,,1000000,410,400,EDUCATION,,NaN,1,,Positive,,9.2M,2024-10-22 23:46:00
C Programming,,,,,1000000,411,401,EDUCATION,,1,1,,Negative,,6.9M,2024-10-22 10:31:00
Udacity - Lifelong Learning,,,,,1000000,412,402,EDUCATION,,NaN,3,,Neutral,,39M,2024-10-22 18:55:00
Learn C++,,,,,1000000,413,403,EDUCATION,,NaN,0,,Positive,,8.0M,2024-10-22 19:29:00
Learn programming,,,,,1000000,414,404,EDUCATION,,NaN,0,,nan,,3.9M,2024-10-22 12:26:00
Learn JavaScript,,,,,1000000,415,405,EDUCATION,,NaN,24,,Positive,,14M,2024-10-22 20:41:00
Learn Java,,,,,1000000,416,406,EDUCATION,,NaN,0,,Negative,,11M,2024-10-22 07:06:00
Learn HTML,,,,,1000000,417,407,EDUCATION,,NaN,23,,Positive,,13M,2024-10-22 09:16:00
"Programming Hub, Learn to code",,,,,1000000,418,408,EDUCATION,,NaN,0,,Positive,,9.3M,2024-10-22 16:37:00
Learn SQL,,,,,1000000,419,409,EDUCATION,,5,5,,Positive,,5.0M,2024-10-22 19:48:00
Ready4 SAT (Prep4 SAT),,,,,100000,420,410,EDUCATION,,4.7,18,,Positive,,10.0M,2024-10-22 04:39:00
Socratic - Math Answers & Homework Help,,,,,1000000,421,411,EDUCATION,,NaN,0,,Positive,,5.0M,2024-10-22 00:53:00
Ready4 GMAT (Prep4 GMAT),,,,,100000,422,412,EDUCATION,,5,6,,Positive,,5.0M,2024-10-22 04:31:00
Pocket GMAT Math,,,,,10000,423,413,EDUCATION,,NaN,1,,Neutral,,3.6M,2024-10-22 17:49:00
GMAT Question Bank,,,,,10000,424,414,EDUCATION,,NaN,2,,Neutral,,19M,2024-10-22 03:29:00
GRE Tutor,,,,,50000,425,415,EDUCATION,,NaN,0,,Positive,,5.0M,2024-10-22 16:21:00
GRE Flashcards,,,,,500000,426,416,EDUCATION,,5,5,,Positive,,9.8M,2024-10-22 02:27:00
"play2prep: ACT, SAT prep",,,,,100000,427,417,EDUCATION,,NaN,0,,Positive,,14M,2024-10-22 00:31:00
SAT Test,,,,,100000,428,418,EDUCATION,,NaN,0,,Positive,,5.0M,2024-10-22 09:18:00
GMAT Math Flashcards,,,,,100000,429,419,EDUCATION,,NaN,0,,Neutral,,4.9M,2024-10-22 21:00:00
Pocket SAT Math,,,,,10000,430,420,EDUCATION,,NaN,0,,Neutral,,5.5M,2024-10-22 22:11:00
TOEFL Prep & Practice from Magoosh,,,,,100000,431,421,EDUCATION,,3,1,,Neutral,,11M,2024-10-22 22:03:00
GRE Prep & Practice by Magoosh,,,,,100000,432,422,EDUCATION,,4.1,11,,Positive,,3.8M,2024-10-22 23:40:00
GRE¬Æ Flashcards by Kaplan,,,,,50000,433,423,EDUCATION,,NaN,4,,Neutral,,5.0M,2024-10-22 21:34:00
SAT Vocabulary,,,,,50000,434,424,EDUCATION,,NaN,14,,Positive,,8.2M,2024-10-22 03:04:00
Magoosh GMAT Prep & Practice,,,,,100000,435,425,EDUCATION,,NaN,0,,Negative,,21M,2024-10-22 01:19:00
SAT Flashcards: Prep & Vocabulary,,,,,100000,436,426,EDUCATION,,NaN,1,,Negative,,12M,2024-10-22 03:34:00
Rosetta Stone: Learn to Speak & Read New Languages,,,,,5000000,437,427,EDUCATION,,NaN,104,,Positive,,10M,2024-10-22 16:35:00
Google Classroom,,,,,10000000,438,428,EDUCATION,,NaN,0,,Positive,,3.3M,2024-10-22 07:54:00
LinkedIn Learning: Online Courses to Learn Skills,,,,,1000000,439,429,EDUCATION,,NaN,14,,Neutral,,25M,2024-10-22 17:47:00
Learn English with Phrases,,,,,1000000,440,430,EDUCATION,,5,3,,Negative,,15M,2024-10-22 19:25:00
Free english course,,,,,5000000,441,431,EDUCATION,,3.7,101,,Negative,,10M,2024-10-22 21:19:00
Learn 50 languages,,,,,5000000,442,432,EDUCATION,,4.5,120,,Neutral,,4.9M,2024-10-22 07:54:00
Babbel ‚Äì Learn Spanish,,,,,1000000,443,433,EDUCATION,,4.2,24,,Positive,,4.4M,2024-10-22 02:23:00
Mango Languages: Lovable Language Courses,,,,,500000,444,434,EDUCATION,,NaN,0,,Positive,,3.5M,2024-10-22 04:32:00
Learn English with Aco,,,,,1000000,445,435,EDUCATION,,NaN,0,,Positive,,7.8M,2024-10-22 10:11:00
Learn to Speak English,,,,,1000000,446,436,EDUCATION,,NaN,0,,Neutral,,9.0M,2024-10-22 05:59:00
"busuu: Learn Languages - Spanish, English & More",,,,,10000000,447,437,EDUCATION,,4.3,6,,Neutral,,15M,2024-10-22 11:01:00
My Class Schedule: Timetable,,,,,1000000,448,438,EDUCATION,,4.1,4954,,Negative,,19M,2024-10-22 06:09:00
Study Checker,,,,,500000,449,439,EDUCATION,,1.9,954,,Neutral,,56M,2024-10-22 13:13:00
My Study Life - School Planner,,,,,1000000,450,440,EDUCATION,,4.1,2560,,Neutral,,38M,2024-10-22 19:30:00
HomeWork,,,,,1000000,451,441,EDUCATION,,4.4,59,,Negative,,16M,2024-10-22 09:47:00
Next Gen Science Standards,,,,,50000,452,442,EDUCATION,,NaN,3,,Neutral,,5.0M,2024-10-22 10:43:00
myHomework Student Planner,,,,,1000000,453,443,EDUCATION,,3.9,10212,,Neutral,,27M,2024-10-22 09:06:00
Teacher's Gradebook - Additio,,,,,100000,454,444,EDUCATION,,3.9,105,,Positive,,4.7M,2024-10-22 02:23:00
Common Core,,,,,100000,455,445,EDUCATION,,NaN,21,,Neutral,,20M,2024-10-22 14:24:00
Homework Planner,,,,,100000,456,446,EDUCATION,,4,42197,,Positive,,3.4M,2024-10-22 17:23:00
TeachersPayTeachers,,,,,100000,457,447,EDUCATION,,4.4,28,,Neutral,,4.9M,2024-10-22 18:26:00
Edmodo,,,,,10000000,458,448,EDUCATION,,4.7,6,,Positive,,25M,2024-10-22 00:41:00
Socrative Teacher,,,,,100000,459,449,EDUCATION,,3.8,5168,,Positive,,29M,2024-10-22 14:51:00
Training schedule - AllUniver,,,,,10000,460,450,EDUCATION,,4.4,12633,,Neutral,,8.1M,2024-10-22 21:18:00
Remind: School Communication,,,,,10000000,461,451,EDUCATION,,4.4,41605,,Negative,,14M,2024-10-22 22:20:00
ClassDojo,,,,,10000000,462,452,EDUCATION,,3.6,8,,Neutral,,27M,2024-10-22 10:47:00
Lerni. Learn languages.,,,,,500000,463,453,EDUCATION,,4.4,218,,Positive,,3.9M,2024-10-22 00:56:00
"HelloTalk ‚Äî Chat, Speak & Learn Foreign Languages",,,,,5000000,464,454,EDUCATION,,2.7,3,,Positive,,13M,2024-10-22 09:46:00
Innovative: Learn 34 Languages,,,,,500000,465,455,EDUCATION,,4.3,2433,,Positive,,5.0M,2024-10-22 06:32:00
Chegg Study - Homework Help,,,,,1000000,466,456,EDUCATION,,4.6,185,,Positive,,5.5M,2024-10-22 02:21:00
Canvas Student,,,,,1000000,467,457,EDUCATION,,2.8,80,,Positive,,16M,2024-10-22 19:41:00
Timetable,,,,,1000000,468,458,EDUCATION,,3.5,35,,Positive,,4.8M,2024-10-22 05:21:00
EasyBib: Citation Generator,,,,,100000,469,459,EDUCATION,,NaN,3,,Positive,,14M,2024-10-22 10:45:00
SoloLearn: Learn to Code for Free,,,,,1000000,470,460,EDUCATION,,3.4,5,,Positive,,4.7M,2024-10-22 05:29:00
Kids Learn Languages by Mondly,,,,,100000,471,461,EDUCATION,,4.8,125,,Positive,,3.7M,2024-10-22 11:41:00
Blinkist - Nonfiction Books,,,,,1000000,472,462,EDUCATION,,4.7,791,,Positive,,4.9M,2024-10-22 16:55:00
Sago Mini Hat Maker,,,,,1000,473,463,EDUCATION,,4.8,110,,Positive,,3.5M,2024-10-22 10:32:00
Fuzzy Numbers: Pre-K Number Foundation,,,,,1000,474,464,EDUCATION,,4.8,5323,,Positive,,4.5M,2024-10-22 19:21:00
Toca Life: City,,,,,500000,475,465,EDUCATION,,4.7,478,,Positive,,20M,2024-10-22 11:53:00
Toca Life: Hospital,,,,,100000,476,466,EDUCATION,,4.1,825,,Positive,,36M,2024-10-22 02:34:00
Netflix,,,,,100000000,477,467,ENTERTAINMENT,,3.5,69,,Positive,,4.5M,2024-10-22 08:48:00
Complete Spanish Movies,,,,,1000000,478,468,ENTERTAINMENT,,4.7,158,,Positive,,19M,2024-10-22 01:29:00
Pluto TV - It‚Äôs Free TV,,,,,1000000,479,469,ENTERTAINMENT,,3.8,24,,Positive,,14M,2024-10-22 00:45:00
Tubi TV - Free Movies & TV,,,,,10000000,480,470,ENTERTAINMENT,,2.9,53,,nan,,77M,2024-10-22 00:56:00
YouTube Kids,,,,,50000000,481,471,ENTERTAINMENT,,4.5,182986,,Negative,,21M,2024-10-22 23:00:00
Mobile TV,,,,,10000000,482,472,ENTERTAINMENT,,3.3,1157,,Positive,,7.9M,2024-10-22 00:17:00
TV+,,,,,5000000,483,473,ENTERTAINMENT,,4.1,97699,,Positive,,9.3M,2024-10-22 10:18:00
Digital TV,,,,,5000000,484,474,ENTERTAINMENT,,NaN,8,,Positive,,20M,2024-10-22 15:08:00
Motorola Spotlight Player‚Ñ¢,,,,,10000000,485,475,ENTERTAINMENT,,4.7,6289924,,Positive,,18M,2024-10-22 10:58:00
Vigo Lite,,,,,5000000,486,476,ENTERTAINMENT,,4.6,181893,,nan,,18M,2024-10-22 03:37:00
Google Play Games,,,,,1000000000,487,477,ENTERTAINMENT,,4.7,2544,,Positive,,21M,2024-10-22 15:33:00
Hotstar,,,,,100000000,488,478,ENTERTAINMENT,,4.6,85375,,nan,,3.3M,2024-10-22 01:16:00
"Peers.TV: broadcast TV channels First, Match TV, TNT ...",,,,,5000000,489,479,ENTERTAINMENT,,4.7,314299,,nan,,24M,2024-10-22 18:54:00
The green alien dance,,,,,1000000,490,480,ENTERTAINMENT,,NaN,776,,nan,,39M,2024-10-22 08:37:00
Spectrum TV,,,,,5000000,491,481,ENTERTAINMENT,,4.5,9770,,Positive,,3.2M,2024-10-22 07:46:00
H TV,,,,,5000000,492,482,ENTERTAINMENT,,4.7,32346,,Positive,,5.1M,2024-10-22 19:42:00
StarTimes - Live International Champions Cup,,,,,1000000,493,483,ENTERTAINMENT,,4.8,4075,,Positive,,11M,2024-10-22 18:08:00
Cinematic Cinematic,,,,,1000000,494,484,ENTERTAINMENT,,4.6,10611,,Negative,,27M,2024-10-22 22:11:00
MEGOGO - Cinema and TV,,,,,10000000,495,485,ENTERTAINMENT,,4.6,9321,,Positive,,37M,2024-10-22 04:51:00
Talking Angela,,,,,100000000,496,486,ENTERTAINMENT,,4.6,56065,,Positive,,20M,2024-10-22 11:10:00
DStv Now,,,,,5000000,497,487,ENTERTAINMENT,,4.2,14286,,nan,,26M,2024-10-22 17:35:00
ivi - movies and TV shows in HD,,,,,10000000,498,488,ENTERTAINMENT,,4.9,133136,,Positive,,11M,2024-10-22 21:35:00
Radio Javan,,,,,1000000,499,489,ENTERTAINMENT,,3.8,2469,,nan,,20M,2024-10-22 17:28:00
Viki: Asian TV Dramas & Movies,,,,,10000000,500,490,ENTERTAINMENT,,4.2,36212,,nan,,41M,2024-10-22 16:41:00
Talking Ginger 2,,,,,50000000,501,491,ENTERTAINMENT,,4.4,390,,Positive,,49M,2024-10-22 14:04:00
Girly Lock Screen Wallpaper with Quotes,,,,,5000000,502,492,ENTERTAINMENT,,4.4,1090,,nan,,21M,2024-10-22 08:45:00
No.Draw - Colors by Number 2018,,,,,10000000,503,493,ENTERTAINMENT,,4.3,266948,,Neutral,,8.1M,2024-10-22 08:10:00
üî• Football Wallpapers 4K | Full HD Backgrounds üòç,,,,,1000000,504,494,ENTERTAINMENT,,4.5,342918,,Positive,,51M,2024-10-22 20:21:00
"Movies by Flixster, with Rotten Tomatoes",,,,,10000000,505,495,ENTERTAINMENT,,4.4,748,,Neutral,,14M,2024-10-22 17:59:00
Low Poly ‚Äì Puzzle art game,,,,,1000000,506,496,ENTERTAINMENT,,4.6,172640,,Positive,,18M,2024-10-22 08:06:00
BBC Media Player,,,,,10000000,507,497,ENTERTAINMENT,,3.9,61,,nan,,3.0M,2024-10-22 16:46:00
Amazon Prime Video,,,,,50000000,508,498,ENTERTAINMENT,,4.4,1619,,nan,,19M,2024-10-22 23:32:00
Adult Glitter Color by Number Book - Sandbox Pages,,,,,1000000,509,499,ENTERTAINMENT,,4.3,3168,,nan,,20M,2024-10-22 09:01:00
IMDb Movies & TV,,,,,100000000,510,500,ENTERTAINMENT,,4.4,29855,,nan,,22M,2024-10-22 22:51:00
Twitch: Livestream Multiplayer Games & Esports,,,,,50000000,511,501,ENTERTAINMENT,,4.2,6736,,Positive,,6.9M,2024-10-22 17:37:00
Ziggo GO,,,,,1000000,512,502,ENTERTAINMENT,,4.4,7005,,Neutral,,7.4M,2024-10-22 07:14:00
YouTube Gaming,,,,,5000000,513,503,ENTERTAINMENT,,4,889,,Positive,,84M,2024-10-22 21:59:00
PlayStation App,,,,,50000000,514,504,ENTERTAINMENT,,4.2,5741,,nan,,25M,2024-10-22 20:41:00
Talking Ben the Dog,,,,,100000000,515,505,ENTERTAINMENT,,3.8,27572,,Positive,,18M,2024-10-22 19:04:00
"Red Bull TV: Live Sports, Music & Entertainment",,,,,1000000,516,506,ENTERTAINMENT,,4.5,10852,,Neutral,,20M,2024-10-22 08:27:00
Trailer Addict Movie Trailers,,,,,100000,517,507,ENTERTAINMENT,,4.7,9888,,nan,,2.5M,2024-10-22 09:35:00
Cinemark Theatres,,,,,1000000,518,508,ENTERTAINMENT,,4.5,1929,,nan,,3.9M,2024-10-22 09:05:00
Regal Cinemas,,,,,1000000,519,509,ENTERTAINMENT,,4.3,1516,,nan,,20M,2024-10-22 06:43:00
Fandango Movies - Times + Tickets,,,,,10000000,520,510,ENTERTAINMENT,,4.2,215301,,Positive,,21M,2024-10-22 18:56:00
Marcus Theatres,,,,,100000,521,511,ENTERTAINMENT,,4.3,423,,nan,,27M,2024-10-22 19:36:00
Harkins Theatres,,,,,100000,522,512,ENTERTAINMENT,,4.7,254519,,nan,,20M,2024-10-22 12:22:00
AMC Theatres,,,,,1000000,523,513,ENTERTAINMENT,,4.7,1107903,,nan,,21M,2024-10-22 20:22:00
Food Network,,,,,500000,524,514,ENTERTAINMENT,,4.6,85375,,nan,,18M,2024-10-22 04:25:00
Cooking Channel,,,,,100000,525,515,ENTERTAINMENT,,4.6,181893,,nan,,20M,2024-10-22 23:11:00
Animal Planet GO,,,,,100000,526,516,ENTERTAINMENT,,4.6,211856,,nan,,18M,2024-10-22 20:47:00
"VRV: Anime, game videos & more",,,,,1000000,527,517,ENTERTAINMENT,,4.5,99020,,nan,,20M,2024-10-22 10:32:00
DramaFever: Stream Asian Drama Shows & Movies,,,,,1000000,528,518,ENTERTAINMENT,,4.4,90481,,nan,,10M,2024-10-22 03:45:00
Crunchyroll - Everything Anime,,,,,10000000,529,519,ENTERTAINMENT,,4.6,32381,,nan,,20M,2024-10-22 18:35:00
Investigation Discovery GO,,,,,1000000,530,520,ENTERTAINMENT,,4.5,248912,,nan,,20M,2024-10-22 17:16:00
Crackle - Free TV & Movies,,,,,10000000,531,521,ENTERTAINMENT,,4.5,248555,,nan,,20M,2024-10-22 15:25:00
CBS - Full Episodes & Live TV,,,,,10000000,532,522,ENTERTAINMENT,,4.2,215301,,nan,,20M,2024-10-22 13:21:00
STARZ,,,,,10000000,533,523,ENTERTAINMENT,,4.4,272145,,nan,,97M,2024-10-22 20:36:00
Acorn TV: World-class TV from Britain and Beyond,,,,,50000,534,524,ENTERTAINMENT,,4.4,56897,,nan,,17M,2024-10-22 04:47:00
HISTORY: Watch TV Show Full Episodes & Specials,,,,,1000000,535,525,ENTERTAINMENT,,4.2,8599,,nan,,20M,2024-10-22 07:04:00
Nick,,,,,10000000,536,526,ENTERTAINMENT,,4.5,41185,,nan,,19M,2024-10-22 07:06:00
,,,,,,,,,,,,,,,,2024-10-22 18:30:00
